id,member_id,loan_amnt,funded_amnt,funded_amnt_inv,term,int_rate,installment,grade,sub_grade,emp_title,emp_length,home_ownership,annual_inc,verification_status,issue_d,loan_status,pymnt_plan,url,desc,purpose,title,zip_code,addr_state,dti,delinq_2yrs,earliest_cr_line,fico_range_low,fico_range_high,inq_last_6mths,mths_since_last_delinq,mths_since_last_record,open_acc,pub_rec,revol_bal,revol_util,total_acc,initial_list_status,out_prncp,out_prncp_inv,total_pymnt,total_pymnt_inv,total_rec_prncp,total_rec_int,total_rec_late_fee,recoveries,collection_recovery_fee,last_pymnt_d,last_pymnt_amnt,next_pymnt_d,last_credit_pull_d,last_fico_range_high,last_fico_range_low,collections_12_mths_ex_med,mths_since_last_major_derog,policy_code,application_type,annual_inc_joint,dti_joint,verification_status_joint,acc_now_delinq,tot_coll_amt,tot_cur_bal,open_acc_6m,open_act_il,open_il_12m,open_il_24m,mths_since_rcnt_il,total_bal_il,il_util,open_rv_12m,open_rv_24m,max_bal_bc,all_util,total_rev_hi_lim,inq_fi,total_cu_tl,inq_last_12m,acc_open_past_24mths,avg_cur_bal,bc_open_to_buy,bc_util,chargeoff_within_12_mths,delinq_amnt,mo_sin_old_il_acct,mo_sin_old_rev_tl_op,mo_sin_rcnt_rev_tl_op,mo_sin_rcnt_tl,mort_acc,mths_since_recent_bc,mths_since_recent_bc_dlq,mths_since_recent_inq,mths_since_recent_revol_delinq,num_accts_ever_120_pd,num_actv_bc_tl,num_actv_rev_tl,num_bc_sats,num_bc_tl,num_il_tl,num_op_rev_tl,num_rev_accts,num_rev_tl_bal_gt_0,num_sats,num_tl_120dpd_2m,num_tl_30dpd,num_tl_90g_dpd_24m,num_tl_op_past_12m,pct_tl_nvr_dlq,percent_bc_gt_75,pub_rec_bankruptcies,tax_liens,tot_hi_cred_lim,total_bal_ex_mort,total_bc_limit,total_il_high_credit_limit,revol_bal_joint,sec_app_fico_range_low,sec_app_fico_range_high,sec_app_earliest_cr_line,sec_app_inq_last_6mths,sec_app_mort_acc,sec_app_open_acc,sec_app_revol_util,sec_app_open_act_il,sec_app_num_rev_accts,sec_app_chargeoff_within_12_mths,sec_app_collections_12_mths_ex_med,sec_app_mths_since_last_major_derog,hardship_flag,hardship_type,hardship_reason,hardship_status,deferral_term,hardship_amount,hardship_start_date,hardship_end_date,payment_plan_start_date,hardship_length,hardship_dpd,hardship_loan_status,orig_projected_additional_accrued_interest,hardship_payoff_balance_amount,hardship_last_payment_amount,disbursement_method,debt_settlement_flag,debt_settlement_flag_date,settlement_status,settlement_date,settlement_amount,settlement_percentage,settlement_term
68407277,,3600,3600,3600, 36 months,13.99,123.03,C,C4,leadman,10+ years,MORTGAGE,55000,Not Verified,15-Dec,Fully Paid,n,https://lendingclub.com/browse/loanDetail.action?loan_id=68407277,,debt_consolidation,Debt consolidation,190xx,PA,5.91,0,3-Aug,675,679,1,30,,7,0,2765,29.7,13,w,0,0,4421.723917,4421.72,3600,821.72,0,0,0,19-Jan,122.67,,19-Mar,564,560,0,30,1,Individual,,,,0,722,144904,2,2,0,1,21,4981,36,3,3,722,34,9300,3,1,4,4,20701,1506,37.2,0,0,148,128,3,3,1,4,69,4,69,2,2,4,2,5,3,4,9,4,7,0,0,0,3,76.9,0,0,0,178050,7746,2400,13734,,,,,,,,,,,,,,N,,,,,,,,,,,,,,,Cash,N,,,,,,
68355089,,24700,24700,24700, 36 months,11.99,820.28,C,C1,Engineer,10+ years,MORTGAGE,65000,Not Verified,15-Dec,Fully Paid,n,https://lendingclub.com/browse/loanDetail.action?loan_id=68355089,,small_business,Business,577xx,SD,16.06,1,Dec-99,715,719,4,6,,22,0,21470,19.2,38,w,0,0,25679.66,25679.66,24700,979.66,0,0,0,16-Jun,926.35,,19-Mar,699,695,0,,1,Individual,,,,0,0,204396,1,1,0,1,19,18005,73,2,3,6472,29,111800,0,0,6,4,9733,57830,27.1,0,0,113,192,2,2,4,2,,0,6,0,5,5,13,17,6,20,27,5,22,0,0,0,2,97.4,7.7,0,0,314017,39475,79300,24667,,,,,,,,,,,,,,N,,,,,,,,,,,,,,,Cash,N,,,,,,
68341763,,20000,20000,20000, 60 months,10.78,432.66,B,B4,truck driver,10+ years,MORTGAGE,63000,Not Verified,15-Dec,Fully Paid,n,https://lendingclub.com/browse/loanDetail.action?loan_id=68341763,,home_improvement,,605xx,IL,10.78,0,Aug-00,695,699,0,,,6,0,7869,56.2,18,w,0,0,22705.92429,22705.92,20000,2705.92,0,0,0,17-Jun,15813.3,,19-Mar,704,700,0,,1,Joint App,71000,13.85,Not Verified,0,0,189699,0,1,0,4,19,10827,73,0,2,2081,65,14000,2,5,1,6,31617,2737,55.9,0,0,125,184,14,14,5,101,,10,,0,2,3,2,4,6,4,7,3,6,0,0,0,0,100,50,0,0,218418,18696,6200,14877,,,,,,,,,,,,,,N,,,,,,,,,,,,,,,Cash,N,,,,,,
66310712,,35000,35000,35000, 60 months,14.85,829.9,C,C5,Information Systems Officer,10+ years,MORTGAGE,110000,Source Verified,15-Dec,Current,n,https://lendingclub.com/browse/loanDetail.action?loan_id=66310712,,debt_consolidation,Debt consolidation,076xx,NJ,17.06,0,8-Sep,785,789,0,,,13,0,7802,11.6,17,w,15897.65,15897.65,31464.01,31464.01,19102.35,12361.66,0,0,0,19-Feb,829.9,19-Apr,19-Mar,679,675,0,,1,Individual,,,,0,0,301500,1,1,0,1,23,12609,70,1,1,6987,45,67300,0,1,0,2,23192,54962,12.1,0,0,36,87,2,2,1,2,,,,0,4,5,8,10,2,10,13,5,13,0,0,0,1,100,0,0,0,381215,52226,62500,18000,,,,,,,,,,,,,,N,,,,,,,,,,,,,,,Cash,N,,,,,,
68476807,,10400,10400,10400, 60 months,22.45,289.91,F,F1,Contract Specialist,3 years,MORTGAGE,104433,Source Verified,15-Dec,Fully Paid,n,https://lendingclub.com/browse/loanDetail.action?loan_id=68476807,,major_purchase,Major purchase,174xx,PA,25.37,1,Jun-98,695,699,3,12,,12,0,21929,64.5,35,w,0,0,11740.5,11740.5,10400,1340.5,0,0,0,16-Jul,10128.96,,18-Mar,704,700,0,,1,Individual,,,,0,0,331730,1,3,0,3,14,73839,84,4,7,9702,78,34000,2,1,3,10,27644,4567,77.5,0,0,128,210,4,4,6,4,12,1,12,0,4,6,5,9,10,7,19,6,12,0,0,0,4,96.6,60,0,0,439570,95768,20300,88097,,,,,,,,,,,,,,N,,,,,,,,,,,,,,,Cash,N,,,,,,
68426831,,11950,11950,11950, 36 months,13.44,405.18,C,C3,Veterinary Tecnician,4 years,RENT,34000,Source Verified,15-Dec,Fully Paid,n,https://lendingclub.com/browse/loanDetail.action?loan_id=68426831,,debt_consolidation,Debt consolidation,300xx,GA,10.2,0,Oct-87,690,694,0,,,5,0,8822,68.4,6,w,0,0,13708.94853,13708.95,11950,1758.95,0,0,0,17-May,7653.56,,17-May,759,755,0,,1,Individual,,,,0,0,12798,0,1,0,0,338,3976,99,0,0,4522,76,12900,0,0,0,0,2560,844,91,0,0,338,54,32,32,0,36,,,,0,2,3,2,2,2,4,4,3,5,0,0,0,0,100,100,0,0,16900,12798,9400,4000,,,,,,,,,,,,,,N,,,,,,,,,,,,,,,Cash,N,,,,,,
68476668,,20000,20000,20000, 36 months,9.17,637.58,B,B2,Vice President of Recruiting Operations,10+ years,MORTGAGE,180000,Not Verified,15-Dec,Fully Paid,n,https://lendingclub.com/browse/loanDetail.action?loan_id=68476668,,debt_consolidation,Debt consolidation,550xx,MN,14.67,0,Jun-90,680,684,0,49,,12,0,87329,84.5,27,f,0,0,21393.8,21393.8,20000,1393.8,0,0,0,16-Nov,15681.05,,19-Mar,654,650,0,,1,Individual,,,,0,0,360358,0,2,0,2,18,29433,63,2,3,13048,74,94200,1,0,1,6,30030,0,102.9,0,0,142,306,10,10,4,12,,10,,0,4,6,4,5,7,9,16,6,12,0,0,0,2,96.3,100,0,0,388852,116762,31500,46452,,,,,,,,,,,,,,N,,,,,,,,,,,,,,,Cash,N,,,,,,
67275481,,20000,20000,20000, 36 months,8.49,631.26,B,B1,road driver,10+ years,MORTGAGE,85000,Not Verified,15-Dec,Fully Paid,n,https://lendingclub.com/browse/loanDetail.action?loan_id=67275481,,major_purchase,Major purchase,293xx,SC,17.61,1,Feb-99,705,709,0,3,,8,0,826,5.7,15,w,0,0,21538.50898,21538.51,20000,1538.51,0,0,0,17-Jan,14618.23,,19-Mar,674,670,0,3,1,Individual,,,,0,0,141601,0,3,0,4,13,27111,75,0,0,640,55,14500,1,0,2,4,17700,13674,5.7,0,0,149,55,32,13,3,32,,8,,1,2,2,3,3,9,3,3,2,8,0,0,1,0,93.3,0,0,0,193390,27937,14500,36144,,,,,,,,,,,,,,N,,,,,,,,,,,,,,,Cash,N,,,,,,
68466926,,10000,10000,10000, 36 months,6.49,306.45,A,A2,SERVICE MANAGER,6 years,RENT,85000,Not Verified,15-Dec,Fully Paid,n,https://lendingclub.com/browse/loanDetail.action?loan_id=68466926,,credit_card,Credit card refinancing,160xx,PA,13.07,0,2-Apr,685,689,1,,106,14,1,10464,34.5,23,w,0,0,10998.97157,10998.97,10000,998.97,0,0,0,18-Aug,1814.48,,19-Mar,719,715,0,,1,Individual,,,,0,8341,27957,2,1,0,0,35,17493,57,2,7,2524,46,30300,2,0,1,7,1997,8182,50.1,0,0,164,129,1,1,1,4,,1,,0,6,9,7,10,3,13,19,9,14,0,0,0,2,95.7,28.6,1,0,61099,27957,16400,30799,,,,,,,,,,,,,,N,,,,,,,,,,,,,,,Cash,N,,,,,,
68616873,,8000,8000,8000, 36 months,11.48,263.74,B,B5,Vendor liaison,10+ years,MORTGAGE,42000,Not Verified,15-Dec,Fully Paid,n,https://lendingclub.com/browse/loanDetail.action?loan_id=68616873,,credit_card,Credit card refinancing,029xx,RI,34.8,0,Nov-94,700,704,0,75,,8,0,7034,39.1,18,w,0,0,8939.580503,8939.58,8000,939.58,0,0,0,17-Apr,4996.24,,18-Nov,679,675,0,75,1,Individual,,,,0,0,199696,0,2,2,3,10,106748,72,0,2,4725,49,18000,0,0,1,5,28528,9966,41.4,0,0,155,253,15,10,1,50,,10,,1,3,3,3,6,5,5,11,3,8,0,0,0,2,94.4,33.3,0,0,256513,113782,17000,135513,,,,,,,,,,,,,,N,,,,,,,,,,,,,,,Cash,N,,,,,,
68356421,,22400,22400,22400, 60 months,12.88,508.3,C,C2,Executive Director,6 years,MORTGAGE,95000,Not Verified,15-Dec,Current,n,https://lendingclub.com/browse/loanDetail.action?loan_id=68356421,,debt_consolidation,Debt consolidation,290xx,SC,22.98,0,Apr-95,710,714,0,54,,16,0,13028,32.7,35,w,9912.88,9912.88,19275.33,19275.33,12487.12,6788.21,0,0,0,19-Feb,508.3,19-Apr,19-Mar,589,585,0,54,1,Individual,,,,0,0,376218,1,5,0,3,17,171328,67,3,6,8121,54,39800,1,5,0,9,23514,12617,39.9,0,0,150,248,1,1,5,1,,14,,2,3,8,4,5,15,10,15,8,16,0,0,0,3,97,25,0,0,436841,184356,21000,191682,,,,,,,,,,,,,,N,,,,,,,,,,,,,,,Cash,N,,,,,,
68426545,,16000,16000,16000, 60 months,12.88,363.07,C,C2,Senior Structural Designer,1 year,MORTGAGE,70000,Not Verified,15-Dec,Current,n,https://lendingclub.com/browse/loanDetail.action?loan_id=68426545,,debt_consolidation,Debt consolidation,786xx,TX,26.4,0,Feb-88,720,724,0,,,13,0,28705,56.3,29,w,7080.7,7080.7,13768.04,13768.04,8919.3,4848.74,0,0,0,19-Feb,363.07,19-Apr,19-Mar,754,750,0,,1,Individual,,,,0,0,265836,0,2,0,2,13,33702,74,1,1,8739,64,51000,0,0,1,3,24167,17922,61,0,0,147,334,9,9,2,9,,11,,0,4,6,5,12,6,10,21,6,13,0,0,0,1,100,60,0,0,309638,62407,45900,45838,,,,,,,,,,,,,,N,,,,,,,,,,,,,,,Cash,N,,,,,,
68338832,,1400,1400,1400, 36 months,12.88,47.1,C,C2,Logistics Manager,3 years,MORTGAGE,64000,Not Verified,15-Dec,Fully Paid,n,https://lendingclub.com/browse/loanDetail.action?loan_id=68338832,,other,,275xx,NC,34.95,0,Jun-96,700,704,0,,,17,0,37828,67.2,24,w,0,0,1575.160698,1575.16,1400,175.16,0,0,0,17-Mar,965.36,,18-Sep,704,700,0,,1,Individual,,,,0,0,325695,1,3,1,2,2,37430,67,0,2,7386,67,56300,0,2,0,4,19159,7940,77,0,0,46,234,18,2,4,28,,18,,0,7,11,8,11,3,12,17,11,17,0,0,0,1,100,75,0,0,372109,75258,34500,55501,,,,,,,,,,,,,,N,,,,,,,,,,,,,,,Cash,N,,,,,,
66624733,,18000,18000,18000, 60 months,19.48,471.7,E,E2,Software Manager,7 years,RENT,150000,Not Verified,15-Dec,Charged Off,n,https://lendingclub.com/browse/loanDetail.action?loan_id=66624733,,debt_consolidation,Debt consolidation,916xx,CA,9.39,0,5-Jun,665,669,1,,75,18,1,14052,40.7,27,w,0,0,9452.74,9452.74,3481.86,4351.98,0,1618.9,291.402,17-May,471.7,,17-Nov,584,580,0,,1,Individual,,,,0,60,36247,2,2,1,3,2,22195,71,2,4,1271,55,34500,2,1,2,7,2014,5128,51.3,0,0,115,112,1,1,2,9,,2,,0,6,13,7,8,6,16,19,13,18,0,0,0,3,100,14.3,1,0,65819,36247,10300,31319,,,,,,,,,,,,,,N,,,,,,,,,,,,,,,Cash,N,,,,,,
68466961,,28000,28000,28000, 36 months,6.49,858.05,A,A2,Senior Manager,10+ years,MORTGAGE,92000,Not Verified,15-Dec,Fully Paid,n,https://lendingclub.com/browse/loanDetail.action?loan_id=68466961,,debt_consolidation,Debt consolidation,275xx,NC,21.6,0,May-84,720,724,0,42,,16,0,51507,64.5,24,w,0,0,29939.01773,29939.02,28000,1939.02,0,0,0,17-May,17093.51,,19-Mar,764,760,0,,1,Individual,,,,0,0,221110,0,2,0,0,27,23413,55,0,1,8752,61,79900,0,1,0,1,13819,16623,59.9,0,0,82,379,19,19,2,19,48,,42,0,7,9,9,11,4,13,18,9,16,0,0,0,0,91.7,22.2,0,0,304003,74920,41500,42503,,,,,,,,,,,,,,N,,,,,,,,,,,,,,,Cash,N,,,,,,
68354783,,9600,9600,9600, 36 months,7.49,298.58,A,A4,tech,8 years,MORTGAGE,60000,Not Verified,15-Dec,Fully Paid,n,https://lendingclub.com/browse/loanDetail.action?loan_id=68354783,,credit_card,Credit card refinancing,299xx,SC,22.44,0,Jun-96,695,699,0,,,7,0,7722,59.4,9,w,0,0,10636.09843,10636.1,9600,1036.1,0,0,0,18-Feb,3480.17,,18-Aug,779,775,0,,1,Individual,,,,0,0,55387,0,3,0,0,47,47665,43,2,2,4744,50,13000,0,0,2,2,7912,4778,61.8,0,0,234,91,9,9,0,11,,9,,0,3,3,3,3,5,4,4,3,7,0,0,0,2,100,66.7,0,0,88635,55387,12500,75635,,,,,,,,,,,,,,N,,,,,,,,,,,,,,,Cash,N,,,,,,
68466916,,25000,25000,25000, 36 months,7.49,777.55,A,A4,Sales Manager,10+ years,MORTGAGE,109000,Not Verified,15-Dec,Fully Paid,n,https://lendingclub.com/browse/loanDetail.action?loan_id=68466916,,debt_consolidation,Debt consolidation,226xx,VA,26.02,0,1-Dec,745,749,1,,,9,0,20862,54.3,19,w,0,0,26224.23,26224.23,25000,1224.23,0,0,0,16-Sep,20807.39,,17-Apr,724,720,0,,1,Individual,,,,0,0,305781,0,3,0,1,13,47194,58,0,1,8937,57,38400,1,0,1,2,33976,17538,54.3,0,0,142,168,13,13,3,13,,0,,0,3,3,5,6,7,5,9,3,9,0,0,0,0,100,20,0,0,373572,68056,38400,82117,,,,,,,,,,,,,,N,,,,,,,,,,,,,,,Cash,N,,,,,,
68577849,,18000,18000,18000, 60 months,11.99,400.31,C,C1,GS-11,10+ years,MORTGAGE,112000,Not Verified,15-Dec,Fully Paid,n,https://lendingclub.com/browse/loanDetail.action?loan_id=68577849,,debt_consolidation,Debt consolidation,856xx,AZ,8.68,0,Nov-93,800,804,0,,,17,0,10711,15.5,27,w,0,0,18387.22,18387.22,18000,387.22,0,0,0,16-Mar,18004.9,,19-Mar,794,790,0,,1,Individual,,,,0,0,205067,3,1,2,2,3,25416,97,2,3,7672,38,82400,0,1,1,5,17089,60336,16.7,0,0,109,265,1,1,4,1,,10,,0,5,6,12,12,6,15,17,6,16,0,0,0,4,100,0,0,0,309710,36127,69800,26210,,,,,,,,,,,,,,N,,,,,,,,,,,,,,,Cash,N,,,,,,
68506798,,23000,23000,23000, 60 months,8.49,471.77,B,B1,Teacher,5 years,RENT,64000,Not Verified,15-Dec,Current,n,https://lendingclub.com/browse/loanDetail.action?loan_id=68506798,,credit_card,Credit card refinancing,117xx,NY,18.28,0,1-Sep,700,704,0,29,,21,0,24940,52.7,33,w,9580.2,9580.2,17900.14,17900.14,13419.8,4480.34,0,0,0,19-Feb,471.77,19-Apr,19-Mar,744,740,0,,1,Individual,,,,0,0,63886,0,7,0,0,42,38946,84,2,3,9516,68,47300,0,3,1,3,3549,15603,60.5,0,0,163,171,8,8,0,12,30,8,29,0,6,8,7,8,14,14,19,8,21,0,0,0,2,87.9,14.3,0,0,93962,63886,39500,46662,,,,,,,,,,,,,,N,,,,,,,,,,,,,,,Cash,N,,,,,,
68495092,,8650,8650,8650, 36 months,19.89,320.99,E,E3,Program Coordinator ,8 years,RENT,55000,Verified,15-Dec,Fully Paid,n,https://lendingclub.com/browse/loanDetail.action?loan_id=68495092,,debt_consolidation,Debt consolidation,462xx,IN,25.49,0,5-Mar,675,679,4,,30,18,1,9568,46,19,w,0,0,9190.49,9190.49,8650,540.49,0,0,0,16-May,8251.42,,16-Jun,639,635,0,,1,Individual,,,,0,0,18926,6,1,0,1,19,9358,51,12,16,653,46,20750,2,0,5,17,1051,1375,45,0,0,129,95,0,0,0,8,,0,,0,2,17,2,2,2,17,17,13,18,,0,0,12,100,50,1,0,38998,18926,2750,18248,,,,,,,,,,,,,,N,,,,,,,,,,,,,,,Cash,N,,,,,,
68566886,,29900,29900,29900, 60 months,12.88,678.49,C,C2,Corporate Insurance,10+ years,MORTGAGE,65000,Verified,15-Dec,Fully Paid,n,https://lendingclub.com/browse/loanDetail.action?loan_id=68566886,,debt_consolidation,Debt consolidation,219xx,MD,21.77,0,4-May,715,719,0,,,15,0,31682,46.7,31,w,0,0,34033.21418,34033.21,29900,4133.21,0,0,0,17-Mar,25234.24,,18-Jan,719,715,0,,1,Individual,,,,0,0,220251,2,1,1,2,9,10815,69,3,5,12971,51,67800,0,4,1,7,15732,18383,45.9,0,0,114,139,5,5,2,5,,9,,0,2,5,4,9,8,13,21,5,15,0,0,0,4,100,25,0,0,271700,42497,34000,15574,,,,,,,,,,,,,,N,,,,,,,,,,,,,,,Cash,N,,,,,,
68009401,,16000,16000,16000, 60 months,14.85,379.39,C,C5,Bookkeeper/Accounting,10+ years,MORTGAGE,48000,Not Verified,15-Dec,Fully Paid,n,https://lendingclub.com/browse/loanDetail.action?loan_id=68009401,,credit_card,Credit card refinancing,297xx,SC,33.18,0,Jun-91,685,689,0,33,2,11,2,19108,29.6,19,w,0,0,19498.09211,19498.09,16000,3498.09,0,0,0,17-Sep,12322.68,,17-Sep,664,660,0,33,1,Individual,,,,0,0,31329,1,2,1,2,6,12221,91,1,4,14982,65,284700,0,0,1,6,2848,263953,17.6,0,0,131,294,11,6,2,11,76,11,76,2,6,9,6,8,6,9,11,9,11,0,0,0,2,78.9,0,0,2,298100,31329,281300,13400,,,,,,,,,,,,,,N,,,,,,,,,,,,,,,Cash,N,,,,,,
68476702,,28000,28000,28000, 36 months,13.44,949.38,C,C3,Director of Product Development ,2 years,OWN,125000,Source Verified,15-Dec,Fully Paid,n,https://lendingclub.com/browse/loanDetail.action?loan_id=68476702,,debt_consolidation,Debt consolidation,100xx,NY,7.49,0,May-00,695,699,0,,,6,0,22780,63.1,22,w,0,0,33320.39332,33320.39,28000,5320.39,0,0,0,17-Dec,12486.3,,19-Mar,744,740,0,,1,Individual,,,,0,0,22780,0,0,0,0,64,0,,0,1,6881,63,36100,0,0,1,1,3797,10607,63.4,0,0,113,187,22,22,0,22,,10,,0,4,4,5,10,3,6,19,5,6,0,0,0,0,100,40,0,0,36100,22780,29000,0,,,,,,,,,,,,,,N,,,,,,,,,,,,,,,Cash,N,,,,,,
68436666,,5000,5000,5000, 36 months,13.44,169.54,C,C3,General Manager,2 years,RENT,79000,Verified,15-Dec,Fully Paid,n,https://lendingclub.com/browse/loanDetail.action?loan_id=68436666,,credit_card,Credit card refinancing,214xx,MD,12.7,0,11-Oct,665,669,0,,,3,0,9441,101.5,5,w,0,0,6117.453197,6117.45,5000,1117.45,0,0,0,19-Jan,169.17,,19-Mar,659,655,0,,1,Individual,,,,0,0,35653,0,1,0,1,19,26212,83,0,0,4360,87,9300,2,0,0,1,11884,0,101.4,0,0,50,36,32,19,0,36,,19,,0,1,2,1,1,3,2,2,2,3,0,0,0,0,100,100,0,0,41091,35653,4300,31791,,,,,,,,,,,,,,N,,,,,,,,,,,,,,,Cash,N,,,,,,
68476715,,6000,6000,6000, 36 months,7.49,186.61,A,A4,Analyst,10+ years,MORTGAGE,100000,Not Verified,15-Dec,Fully Paid,n,https://lendingclub.com/browse/loanDetail.action?loan_id=68476715,,debt_consolidation,Debt consolidation,750xx,TX,13.28,1,May-94,695,699,1,15,,9,0,8563,72,16,w,0,0,6711.710107,6711.71,6000,711.71,0,0,0,19-Jan,186.6,,19-Mar,719,715,0,,1,Individual,,,,0,0,116195,0,2,0,0,28,12525,35,0,1,2260,45,11900,0,1,1,1,12911,437,88.5,0,0,124,259,18,18,2,36,15,6,15,0,2,4,2,6,4,5,9,4,9,0,0,0,0,93.7,50,0,0,156354,22741,3800,36083,,,,,,,,,,,,,,N,,,,,,,,,,,,,,,Cash,N,,,,,,
67849662,,4225,4225,4225, 36 months,14.85,146.16,C,C5,mechanic,5 years,RENT,35000,Source Verified,15-Dec,Charged Off,n,https://lendingclub.com/browse/loanDetail.action?loan_id=67849662,,debt_consolidation,Debt consolidation,672xx,KS,15.22,2,11-Jul,725,729,0,18,,6,0,1058,24.6,6,w,0,0,2558.87,2558.87,1536.9,653.6,0,368.37,66.3066,17-Apr,146.16,,17-Dec,499,0,0,,1,Individual,,,,0,0,4888,0,1,0,0,47,3830,22,0,0,367,22,4300,0,0,0,0,815,2233,14.1,0,0,47,53,26,26,0,26,,14,18,0,1,2,3,3,1,5,5,2,6,0,0,0,0,66.7,0,0,0,21822,4888,2600,17522,,,,,,,,,,,,,,N,,,,,,,,,,,,,,,Cash,N,,,,,,
68596180,,20000,20000,20000, 36 months,5.32,602.3,A,A1,driver,9 years,OWN,65000,Not Verified,15-Dec,Fully Paid,n,https://lendingclub.com/browse/loanDetail.action?loan_id=68596180,,debt_consolidation,Debt consolidation,125xx,NY,18.83,0,May-91,835,839,1,,,12,0,2269,3,17,w,0,0,21631.72433,21631.72,20000,1631.72,0,0,0,18-Aug,3577.5,,18-Aug,809,805,0,,1,Individual,,,,0,0,15444,0,2,0,1,15,13175,44,0,1,1448,15,76200,2,0,1,2,1287,73931,3,0,0,63,295,19,15,0,19,,4,,0,3,3,10,11,4,10,13,3,12,0,0,0,0,100,0,0,0,106217,15444,76200,30017,,,,,,,,,,,,,,N,,,,,,,,,,,,,,,Cash,N,,,,,,
68526907,,16000,16000,16000, 60 months,17.97,406.04,D,D4,Professional Sales Associate,< 1 year,MORTGAGE,109000,Source Verified,15-Dec,Fully Paid,n,https://lendingclub.com/browse/loanDetail.action?loan_id=68526907,,debt_consolidation,Debt consolidation,880xx,NM,23.35,0,2-Apr,680,684,1,,,11,0,42469,87.6,33,w,0,0,17471.57,17471.57,16000,1471.57,0,0,0,16-Jul,15481.3,,16-Jul,679,675,0,,1,Individual,,,,0,0,182936,2,2,2,2,3,20689,94,1,3,8897,90,48500,0,3,1,5,16631,0,100.8,0,0,149,164,3,3,1,13,,1,,0,3,6,3,13,10,8,22,6,11,0,0,0,3,100,100,0,0,228050,63158,15800,22000,,,,,,,,,,,,,,N,,,,,,,,,,,,,,,Cash,N,,,,,,
68607141,,17600,17600,17600, 36 months,5.32,530.03,A,A1,Network Security Specialist III,< 1 year,MORTGAGE,88000,Source Verified,15-Dec,Fully Paid,n,https://lendingclub.com/browse/loanDetail.action?loan_id=68607141,,credit_card,Credit card refinancing,672xx,KS,26.59,0,1-May,780,784,0,,,20,0,12203,34.4,42,w,0,0,18305.08,18305.08,17600,705.08,0,0,0,16-Nov,17.88,,18-Aug,779,775,0,,1,Individual,,,,0,0,229082,0,10,1,4,9,68644,74,0,0,9347,63,35500,2,6,1,5,12057,11397,51.7,0,0,160,175,37,9,5,37,,10,,0,2,2,4,7,24,8,13,2,20,0,0,0,1,100,0,0,0,285027,80847,23600,92701,,,,,,,,,,,,,,N,,,,,,,,,,,,,,,Cash,N,,,,,,
68526883,,15000,15000,15000, 36 months,5.32,451.73,A,A1,DEPUTY SHERIFF,10+ years,MORTGAGE,44000,Source Verified,15-Dec,Fully Paid,n,https://lendingclub.com/browse/loanDetail.action?loan_id=68526883,,home_improvement,Home improvement,238xx,VA,15.34,0,2-Jun,685,689,1,47,,7,0,17003,50.3,21,w,0,0,16280.56248,16280.56,15000,1257.97,22.59,0,0,19-Jan,455.59,,19-Jan,694,690,0,,1,Individual,,,,0,0,17003,0,0,0,1,19,0,,0,1,5966,50,33800,0,3,3,2,2429,7011,51,0,0,141,162,13,13,2,34,,5,47,0,2,6,2,4,5,7,14,6,7,0,0,0,0,90.5,0,0,0,33800,17003,14300,0,,,,,,,,,,,,,,N,,,,,,,,,,,,,,,Cash,N,,,,,,
67715283,,16000,16000,16000, 36 months,12.88,538.18,C,C2,"Owner, Fee Appraiser ",10+ years,MORTGAGE,65000,Not Verified,15-Dec,Charged Off,n,https://lendingclub.com/browse/loanDetail.action?loan_id=67715283,,small_business,Business,354xx,AL,18.96,0,Dec-85,675,679,0,33,66,7,1,5157,54.3,20,w,0,0,17396.63,17396.63,13833.12,3402.05,161.46,0,0,18-Nov,565.09,,19-Mar,629,625,0,55,1,Individual,,,,0,1830,39781,2,2,0,0,27,34624,68,2,2,739,64,9500,0,5,0,2,5683,3684,21.6,0,0,256,360,1,1,0,1,33,14,33,1,3,5,3,3,12,5,7,5,7,0,0,0,2,80,0,0,1,80999,39781,4700,71499,,,,,,,,,,,,,,N,,,,,,,,,,,,,,,Cash,N,,,,,,
68341789,,24250,24250,24250, 60 months,24.24,701.01,F,F3,hvac technician,4 years,MORTGAGE,75000,Not Verified,15-Dec,Charged Off,n,https://lendingclub.com/browse/loanDetail.action?loan_id=68341789,,debt_consolidation,,114xx,NY,20.84,0,7-Apr,660,664,0,,,18,0,24799,65.3,21,w,0,0,4124.42,4124.42,1332.69,2791.73,0,0,0,16-Jul,701.01,,18-Mar,499,0,0,,1,Individual,,,,0,0,320098,2,1,0,1,14,13676,75,2,10,3138,61,38000,1,1,3,13,17783,9044,68.9,0,0,93,104,2,2,2,2,,7,,0,10,12,11,12,2,15,16,12,18,0,0,0,3,100,63.6,0,0,344960,38475,29100,18300,,,,,,,,,,,,,,N,,,,,,,,,,,,,,,Cash,N,,,,,,
68533595,,12000,12000,12000, 36 months,10.78,391.62,B,B4,Public Affairs Specialist ,1 year,RENT,98000,Not Verified,15-Dec,Fully Paid,n,https://lendingclub.com/browse/loanDetail.action?loan_id=68533595,,debt_consolidation,Debt consolidation,993xx,WA,24.04,0,2-Feb,690,694,0,33,61,15,1,20462,62.8,39,w,0,0,13349.66559,13349.67,12000,1349.67,0,0,0,17-Apr,7884.96,,17-Jun,754,750,0,69,1,Individual,,,,0,5930,374585,0,4,1,3,9,82819,66,1,2,12597,65,32600,1,1,0,5,26756,3884,83.9,0,0,147,166,9,9,8,9,69,15,69,4,3,5,3,6,17,8,14,5,15,0,0,0,2,87.2,66.7,0,0,478544,103281,24100,120544,,,,,,,,,,,,,,N,,,,,,,,,,,,,,,Cash,N,,,,,,
68415473,,25000,25000,25000, 60 months,13.99,581.58,C,C4,Executive Assistant,9 years,MORTGAGE,79000,Not Verified,15-Dec,Charged Off,n,https://lendingclub.com/browse/loanDetail.action?loan_id=68415473,,debt_consolidation,Debt consolidation,212xx,MD,34.53,0,1-Jun,730,734,1,,,33,0,22519,18.6,72,w,0,0,14490.92,14490.92,8364.55,6126.37,0,0,0,18-Feb,581.58,,19-Mar,604,600,0,,1,Individual,,,,0,171,265233,3,3,2,4,5,67459,62,4,8,5447,28,121200,2,6,3,12,8556,57049,21.4,0,0,124,174,1,1,6,2,,2,,0,6,16,12,21,15,29,51,16,33,0,0,0,6,100,0,0,0,389002,89978,72600,81802,,,,,,,,,,,,,,N,,,,,,,,,,,,,,,Cash,N,,,,,,
68537655,,16800,16800,16800, 60 months,12.88,381.23,C,C2,CEO,10+ years,MORTGAGE,118000,Not Verified,15-Dec,Current,n,https://lendingclub.com/browse/loanDetail.action?loan_id=68537655,,debt_consolidation,Debt consolidation,636xx,MO,34.29,0,Jun-97,680,684,0,35,57,11,1,7849,24.1,46,w,7434.43,7434.43,14456.69,14456.69,9365.57,5091.12,0,0,0,19-Feb,381.23,19-Apr,17-Nov,759,755,0,67,1,Individual,,,,0,0,314793,0,4,0,4,13,67959,67,1,1,4746,53,32600,2,8,1,6,28618,4751,62.3,0,0,126,222,11,11,4,11,66,11,66,12,3,3,4,22,12,5,28,3,11,0,0,0,1,64.4,25,0,0,412771,75808,12600,115941,,,,,,,,,,,,,,N,,,,,,,,,,,,,,,Cash,N,,,,,,
68446769,,7000,7000,7000, 36 months,7.49,217.72,A,A4,Carrier,10+ years,MORTGAGE,59000,Not Verified,15-Dec,Fully Paid,n,https://lendingclub.com/browse/loanDetail.action?loan_id=68446769,,credit_card,Credit card refinancing,215xx,MD,13.06,1,Oct-96,730,734,1,23,,10,0,10467,24.2,34,w,0,0,7806.099471,7806.1,7000,806.1,0,0,0,18-Oct,425.19,,19-Mar,769,765,0,,1,Individual,,,,0,0,55222,0,1,0,0,45,5337,26,1,2,6987,25,43200,0,2,2,2,6136,26118,26,0,0,124,223,10,10,3,34,,1,,0,2,4,4,5,14,8,17,4,10,0,0,0,1,97.1,0,0,0,115502,15804,35300,20402,,,,,,,,,,,,,,N,,,,,,,,,,,,,,,Cash,N,,,,,,
68367011,,21000,21000,21000, 60 months,13.99,488.53,C,C4,Resident physician,< 1 year,RENT,52000,Source Verified,15-Dec,Fully Paid,n,https://lendingclub.com/browse/loanDetail.action?loan_id=68367011,,credit_card,Credit card refinancing,441xx,OH,14.47,0,5-Jan,680,684,1,,,5,0,20374,87.4,15,w,0,0,27285.80786,27285.81,21000,6285.81,0,0,0,18-Aug,12548.3,,19-Mar,699,695,0,,1,Individual,,,,0,0,372407,1,1,1,1,5,352033,,0,0,9358,87,23300,1,0,2,1,74481,2926,87.4,0,0,76,131,85,5,0,85,,0,,0,3,3,4,4,11,4,4,3,5,0,0,0,1,100,75,0,0,370357,372407,23300,347057,,,,,,,,,,,,,,N,,,,,,,,,,,,,,,Cash,N,,,,,,
68407301,,27500,27500,27500, 60 months,14.85,652.06,C,C5,Manager,10+ years,MORTGAGE,195000,Not Verified,15-Dec,Fully Paid,n,https://lendingclub.com/browse/loanDetail.action?loan_id=68407301,,other,Other,710xx,LA,6.79,0,1-Jul,700,704,0,,,14,0,34974,50.9,19,w,0,0,29753.17,29753.17,27500,2253.17,0,0,0,16-Aug,25897.53,,16-Jul,734,730,0,,1,Individual,,,,0,0,267500,1,1,0,1,21,10003,76,1,3,12056,55,68700,0,0,0,4,19107,23969,56.8,0,0,21,173,3,3,1,3,,,,0,6,10,7,9,1,12,17,10,14,0,0,0,1,100,57.1,0,0,325100,44977,55500,13200,,,,,,,,,,,,,,N,,,,,,,,,,,,,,,Cash,N,,,,,,
68356614,,7200,7200,7200, 36 months,11.48,237.36,B,B5,Legal Administrative Assistant,10+ years,MORTGAGE,72500,Verified,15-Dec,Fully Paid,n,https://lendingclub.com/browse/loanDetail.action?loan_id=68356614,,home_improvement,Home improvement,300xx,GA,8.47,0,4-Aug,725,729,1,,,5,0,5449,35.2,7,w,0,0,8253.861926,8253.86,7200,1053.86,0,0,0,17-Sep,3755.5,,19-Feb,739,735,0,,1,Individual,,,,0,0,147791,2,1,0,1,23,14807,66,3,3,2445,53,15500,1,0,2,4,29558,10051,35.2,0,0,111,7,2,2,2,2,,0,,0,3,3,3,3,2,3,3,3,5,0,0,0,3,100,0,0,0,189950,20256,15500,22450,,,,,,,,,,,,,,N,,,,,,,,,,,,,,,Cash,N,,,,,,
68426865,,20000,20000,20000, 36 months,14.85,691.84,C,C5,GM,6 years,RENT,110000,Not Verified,15-Dec,Fully Paid,n,https://lendingclub.com/browse/loanDetail.action?loan_id=68426865,,credit_card,Credit card refinancing,606xx,IL,12.45,0,7-Jun,690,694,0,,,8,0,21374,84.5,12,w,0,0,24889.01336,24889.01,20000,4889.01,0,0,0,18-Dec,1407.7,,18-Dec,694,690,0,,1,Individual,,,,0,0,37491,0,1,1,1,10,16016,80,0,1,14981,82,25300,1,0,1,3,5356,523,97.6,0,0,10,102,16,10,0,16,,9,,0,3,4,3,5,1,6,10,4,8,0,0,0,1,100,100,0,0,45509,37491,21500,20000,,,,,,,,,,,,,,N,,,,,,,,,,,,,,,Cash,N,,,,,,
68476676,,20000,20000,20000, 36 months,15.77,700.88,D,D1,Clinical Intake,5 years,RENT,70000,Not Verified,15-Dec,Fully Paid,n,https://lendingclub.com/browse/loanDetail.action?loan_id=68476676,,house,Home buying,331xx,FL,22.21,0,4-Jul,680,684,0,38,,24,0,19077,36.6,63,w,0,0,21780.58678,21780.59,20000,1780.59,0,0,0,16-Dec,2815.6,,19-Mar,659,655,0,38,1,Individual,,,,0,264,63456,2,3,0,0,47,44379,84,6,9,2957,61,52100,0,0,3,9,2759,12279,48,0,0,131,137,2,2,1,2,,9,,5,8,17,9,9,39,21,23,17,24,0,0,0,6,92.1,0,0,0,104696,63456,23600,52596,,,,,,,,,,,,,,N,,,,,,,,,,,,,,,Cash,N,,,,,,
68566951,,10000,10000,10000, 60 months,17.97,253.78,D,D4,Educator ,2 years,MORTGAGE,55000,Not Verified,15-Dec,Charged Off,n,https://lendingclub.com/browse/loanDetail.action?loan_id=68566951,,credit_card,Credit card refinancing,802xx,CO,35.7,0,1-Apr,685,689,0,,,14,0,38623,78,28,w,0,0,5558.2,5558.2,2687.15,2871.05,0,0,0,17-Nov,253.78,,18-Feb,524,520,0,,1,Individual,,,,0,0,288087,2,2,2,2,6,32895,94,1,1,6742,85,49500,0,3,3,4,20578,287,97.4,0,0,106,176,7,6,6,51,,6,,0,3,9,3,4,6,11,16,9,14,0,0,0,4,100,100,0,0,302401,71518,11000,34953,,,,,,,,,,,,,,N,,,,,,,,,,,,,,,Cash,N,,,,,,
68615044,,16000,16000,16000, 60 months,13.99,372.21,C,C4,Registered Nurse,9 years,MORTGAGE,142000,Verified,15-Dec,Current,n,https://lendingclub.com/browse/loanDetail.action?loan_id=68615044,,debt_consolidation,Debt consolidation,945xx,CA,17.74,2,4-Oct,680,684,2,8,39,15,2,2273,39.9,19,w,7186.06,7186.06,14112.89,14112.89,8813.94,5298.95,0,0,0,19-Feb,372.21,19-Apr,19-Mar,689,685,0,43,1,Individual,,,,0,0,667373,0,7,0,6,17,109893,69,0,1,1959,66,5700,5,0,3,7,47670,2827,44.6,0,0,134,98,23,17,1,23,29,4,13,1,2,2,4,5,10,7,8,2,15,0,0,0,0,73.7,25,0,2,704224,112166,5100,124120,,,,,,,,,,,,,,N,,,,,,,,,,,,,,,Cash,N,,,,,,
68527009,,20000,20000,20000, 36 months,9.8,643.47,B,B3,Manager,5 years,RENT,75000,Not Verified,15-Dec,Fully Paid,n,https://lendingclub.com/browse/loanDetail.action?loan_id=68527009,,debt_consolidation,Debt consolidation,984xx,WA,23.45,0,May-92,725,729,0,70,,14,0,7558,9.6,26,w,0,0,21918.8165,21918.82,20000,1918.82,0,0,0,17-Mar,13580.93,,19-Mar,799,795,0,70,1,Individual,,,,0,0,40090,2,2,2,3,8,32532,84,3,5,1600,34,78900,0,2,0,8,2864,48533,5.9,0,0,159,283,4,4,1,4,,19,,2,5,10,7,8,11,12,13,10,14,0,0,0,5,92.3,0,0,0,117477,40090,51600,38577,,,,,,,,,,,,,,N,,,,,,,,,,,,,,,Cash,N,,,,,,
68547583,,8650,8650,8650, 36 months,5.32,260.5,A,A1,Associate Consultant,< 1 year,MORTGAGE,100000,Not Verified,15-Dec,Fully Paid,n,https://lendingclub.com/browse/loanDetail.action?loan_id=68547583,,credit_card,Credit card refinancing,462xx,IN,7.28,0,1-Jul,750,754,0,,,15,0,7158,26.7,24,w,0,0,9263.849333,9263.85,8650,613.85,0,0,0,17-Dec,2.08,,18-Nov,774,770,0,,1,Individual,,,,0,0,165450,0,1,1,1,11,24041,89,0,3,3081,58,26800,1,0,5,5,13788,11142,39.1,0,0,73,173,16,11,1,20,,11,,0,3,3,9,10,5,13,18,3,15,0,0,0,1,100,0,0,0,191618,31199,18300,27078,,,,,,,,,,,,,,N,,,,,,,,,,,,,,,Cash,N,,,,,,
68587709,,21000,21000,21000, 60 months,13.44,482.56,C,C3,Teacher,2 years,RENT,54649,Source Verified,15-Dec,Fully Paid,n,https://lendingclub.com/browse/loanDetail.action?loan_id=68587709,,debt_consolidation,Debt consolidation,761xx,TX,12.14,0,Oct-99,670,674,0,,48,9,1,1581,26.8,44,w,0,0,24473.22762,24473.23,21000,3473.23,0,0,0,17-May,17274.03,,19-Mar,719,715,0,,1,Individual,,,,0,0,51489,0,7,0,2,14,49908,97,0,1,1097,89,5900,1,3,1,3,5721,4319,26.8,0,0,186,194,17,14,2,17,,0,,0,2,2,2,14,25,2,17,2,9,0,0,0,0,100,50,1,0,57564,51489,5900,51664,,,,,,,,,,,,,,N,,,,,,,,,,,,,,,Cash,N,,,,,,
68446771,,7200,7200,7200, 36 months,15.77,252.32,D,D1,Bank Officer Senior Customer Care Spec.,< 1 year,RENT,55000,Not Verified,15-Dec,Fully Paid,n,https://lendingclub.com/browse/loanDetail.action?loan_id=68446771,,debt_consolidation,,142xx,NY,17.35,0,5-Jun,680,684,0,59,74,24,1,5938,69,43,w,0,0,8894.319824,8894.32,7200,1694.32,0,0,0,18-Mar,2602.09,,18-Feb,689,685,0,,1,Individual,,,,0,0,275831,1,18,3,9,5,269893,110,0,3,3234,108,8600,4,0,9,12,11493,1521,77.3,0,0,111,126,15,5,0,15,,5,,0,2,3,4,5,35,6,8,3,24,0,0,0,3,97.7,50,0,1,255047,275831,6700,246447,,,,,,,,,,,,,,N,,,,,,,,,,,,,,,Cash,N,,,,,,
66796130,,8800,8800,8800, 36 months,9.8,283.13,B,B3,Sales Representative/ Agent,10+ years,MORTGAGE,92000,Source Verified,15-Dec,Fully Paid,n,https://lendingclub.com/browse/loanDetail.action?loan_id=66796130,,credit_card,Credit card refinancing,493xx,MI,5.18,0,1-Nov,665,669,1,45,,9,0,9195,76.6,24,w,0,0,9852.877877,9852.88,8800,1052.88,0,0,0,17-Aug,4768.52,,17-Aug,709,705,0,,1,Individual,,,,0,0,105650,1,1,0,0,35,921,15,2,5,3818,56,12000,0,2,3,8,11739,445,94.8,0,0,102,169,6,6,2,9,45,6,45,0,3,5,3,11,6,6,15,5,9,0,0,0,2,87.5,100,0,0,116292,10116,8500,6000,,,,,,,,,,,,,,N,,,,,,,,,,,,,,,Cash,N,,,,,,
68617034,,14650,14650,14650, 60 months,20.5,392.23,E,E4,Senior Service Specialist,2 years,RENT,43160,Verified,15-Dec,Current,n,https://lendingclub.com/browse/loanDetail.action?loan_id=68617034,,debt_consolidation,Debt consolidation,430xx,OH,21.44,0,5-Oct,690,694,0,,,12,0,11378,101.6,24,w,7142.25,7142.25,14908.17,14908.17,7507.75,7400.42,0,0,0,19-Mar,392.23,19-Apr,19-Mar,719,715,0,,1,Individual,,,,0,0,62813,0,10,0,0,76,51435,91,0,0,10159,93,11200,0,0,0,0,5234,0,101.6,0,0,122,45,40,40,0,40,,,,0,2,2,2,2,22,2,2,2,12,0,0,0,0,100,100,0,0,67732,62813,11200,56532,,,,,,,,,,,,,,N,,,,,,,,,,,,,,,Cash,N,,,,,,
68387134,,2500,2500,2500, 36 months,17.27,89.47,D,D3,Teacher,10+ years,MORTGAGE,50000,Verified,15-Dec,Fully Paid,n,https://lendingclub.com/browse/loanDetail.action?loan_id=68387134,,other,Other,330xx,FL,17.6,3,1-Jan,670,674,4,6,,7,0,732,31.1,22,w,0,0,3213.299411,3213.3,2500,713.3,0,0,0,18-Nov,266.79,,19-Feb,669,665,0,18,1,Individual,,,,0,0,197169,3,3,2,4,2,196437,95,1,2,48,87,2500,6,3,5,6,28167,652,6.9,0,0,149,179,3,2,0,3,,0,6,3,1,4,1,1,14,4,8,4,7,0,0,1,3,68.4,0,0,0,196429,197169,700,193929,,,,,,,,,,,,,,N,,,,,,,,,,,,,,,Cash,N,,,,,,
68566925,,11000,11000,11000, 36 months,9.17,350.67,B,B2,PRINTER,10+ years,MORTGAGE,69000,Not Verified,15-Dec,Fully Paid,n,https://lendingclub.com/browse/loanDetail.action?loan_id=68566925,,credit_card,Credit card refinancing,441xx,OH,21.34,0,4-Sep,680,684,1,52,,9,0,8137,84.8,18,w,0,0,12610.02875,12610.03,11000,1610.03,0,0,0,19-Jan,350.59,,18-Dec,704,700,0,,1,Individual,,,,0,0,205780,0,3,0,3,17,25792,63,0,2,4361,67,9600,2,1,1,5,22864,463,94.6,0,0,127,135,13,13,2,13,,1,,0,4,4,4,5,8,5,8,4,9,0,0,0,0,94.4,75,0,0,231864,33929,8600,41107,,,,,,,,,,,,,,N,,,,,,,,,,,,,,,Cash,N,,,,,,
68516838,,23850,23850,23850, 60 months,17.27,596.21,D,D3,Teacher,10+ years,OWN,68046,Not Verified,15-Dec,Current,n,https://lendingclub.com/browse/loanDetail.action?loan_id=68516838,,debt_consolidation,Debt consolidation,231xx,VA,24.71,1,Sep-93,665,669,0,23,,12,0,28220,91.3,33,f,11174.25,11174.25,22610.21,22610.21,12675.75,9934.46,0,0,0,19-Mar,596.21,19-Apr,19-Mar,614,610,0,23,1,Individual,,,,0,342,525195,0,1,0,0,45,4453,44,0,0,7494,80,30900,0,0,0,0,47745,6,99.9,0,0,140,267,70,45,4,99,,,23,2,1,7,2,6,9,9,20,8,12,0,0,1,0,90.9,100,0,0,554242,32673,7500,10100,,,,,,,,,,,,,,N,,,,,,,,,,,,,,,Cash,N,,,,,,
68476697,,15700,15700,15700, 60 months,16.59,386.74,D,D2,Teacher,6 years,MORTGAGE,48000,Not Verified,15-Dec,Current,n,https://lendingclub.com/browse/loanDetail.action?loan_id=68476697,,credit_card,Credit card refinancing,707xx,LA,29.13,0,5-Nov,685,689,0,66,,19,0,15458,64.9,28,w,7292.63,7292.63,14659.94,14659.94,8407.37,6252.57,0,0,0,19-Feb,386.74,19-Apr,19-Mar,649,645,0,72,1,Individual,,,,0,0,270017,2,9,1,3,6,68316,101,2,2,5268,88,23800,0,2,1,5,14211,1516,87.7,0,0,112,121,4,4,1,4,66,10,66,1,3,6,4,5,13,9,14,7,19,0,0,0,3,96.4,75,0,0,305962,83774,12300,81126,,,,,,,,,,,,,,N,,,,,,,,,,,,,,,Cash,N,,,,,,
68566856,,28800,28800,28800, 60 months,11.99,640.5,C,C1,Office Manager,10+ years,OWN,60000,Not Verified,15-Dec,Current,n,https://lendingclub.com/browse/loanDetail.action?loan_id=68566856,,debt_consolidation,Debt consolidation,331xx,FL,18.01,0,Feb-89,800,804,0,,,21,0,18421,10.5,37,w,12593.27,12593.27,24291.04,24291.04,16206.73,8084.31,0,0,0,19-Feb,640.5,19-Apr,19-Mar,804,800,0,,1,Individual,,,,0,0,41270,2,1,1,1,8,22849,91,3,7,7303,21,175800,1,0,2,8,2428,141793,11.2,0,0,94,322,5,5,2,11,,8,,0,8,10,13,20,3,20,31,10,21,0,0,0,4,100,0,0,0,200980,41270,159700,25180,,,,,,,,,,,,,,N,,,,,,,,,,,,,,,Cash,N,,,,,,
68543413,,10000,10000,10000, 36 months,12.88,336.37,C,C2,Contract Specialist,4 years,MORTGAGE,91392,Not Verified,15-Dec,Fully Paid,n,https://lendingclub.com/browse/loanDetail.action?loan_id=68543413,,house,Home buying,644xx,MO,9.44,0,6-Sep,710,714,0,,,13,0,6959,41.7,33,f,0,0,11316.89019,11316.89,10000,1316.89,0,0,0,17-Mar,6961.97,,18-Dec,594,590,0,,1,Individual,,,,0,0,304514,2,4,1,4,6,66773,88,1,1,2180,71,16700,0,0,3,7,23424,433,90.2,0,0,104,111,9,6,3,9,,8,,0,3,5,3,6,19,7,11,5,13,0,0,0,3,100,100,0,0,321380,73732,4400,68648,,,,,,,,,,,,,,N,,,,,,,,,,,,,,,Cash,N,,,,,,
68366663,,24000,24000,24000, 60 months,9.8,507.58,B,B3,,,OWN,77900,Not Verified,15-Dec,Current,n,https://lendingclub.com/browse/loanDetail.action?loan_id=68366663,,home_improvement,Home improvement,376xx,TN,10.24,0,Oct-82,740,744,1,50,,9,0,3454,10.3,21,w,10182.57,10182.57,19255.37,19255.37,13817.43,5437.94,0,0,0,19-Feb,507.58,19-Apr,19-Mar,814,810,0,50,1,Individual,,,,0,0,127412,0,1,0,0,73,1456,4,0,1,3309,7,33600,1,0,2,1,14157,27172,10.9,0,0,139,398,22,22,2,22,,0,,1,2,3,4,6,6,7,13,3,9,0,0,0,0,95.2,0,0,0,202351,4910,30500,33631,,,,,,,,,,,,,,N,,,,,,,,,,,,,,,Cash,N,,,,,,
68416916,,28000,28000,28000, 60 months,18.49,718.51,D,D5,Engineer,10+ years,MORTGAGE,75000,Verified,15-Dec,Fully Paid,n,https://lendingclub.com/browse/loanDetail.action?loan_id=68416916,,debt_consolidation,Debt consolidation,471xx,IN,31.88,0,2-Oct,685,689,0,,,27,0,43413,51.9,46,w,0,0,39607.45188,39607.45,28000,11607.45,0,0,0,18-Oct,16687.04,,19-Mar,694,690,0,,1,Individual,,,,0,0,193745,1,2,0,2,22,13889,44,2,6,7213,50,83600,1,0,0,8,7176,23476,59.9,0,0,143,158,4,4,2,10,,16,,0,14,20,14,18,9,24,34,20,27,0,0,0,2,100,50,0,0,267312,57302,58500,31758,,,,,,,,,,,,,,N,,,,,,,,,,,,,,,Cash,N,,,,,,
68444620,,35000,35000,35000, 60 months,11.99,778.38,C,C1,Foreign Service Officer,10+ years,MORTGAGE,128000,Source Verified,15-Dec,Fully Paid,n,https://lendingclub.com/browse/loanDetail.action?loan_id=68444620,,home_improvement,Home improvement,200xx,DC,6.46,0,Feb-90,685,689,0,46,,17,0,14277,27.4,46,w,0,0,44358.9107,44358.91,35000,9358.91,0,0,0,18-Dec,17952.27,,19-Mar,724,720,0,56,1,Individual,,,,0,321,146867,1,11,0,0,28,35367,49,0,1,5020,40,52200,1,4,0,3,8639,17248,35.6,0,0,206,310,19,3,5,99,46,15,46,1,3,4,3,6,26,5,11,4,17,0,0,0,1,91.3,33.3,0,0,220950,49644,26800,71700,,,,,,,,,,,,,,N,,,,,,,,,,,,,,,Cash,N,,,,,,
68082535,,7200,7200,7200, 36 months,9.17,229.53,B,B2,Site lead,10+ years,MORTGAGE,50000,Not Verified,15-Dec,Fully Paid,n,https://lendingclub.com/browse/loanDetail.action?loan_id=68082535,,debt_consolidation,Debt consolidation,015xx,MA,19.25,0,Aug-87,675,679,0,70,,13,0,9051,47.6,25,w,0,0,7598.05,7598.05,7200,398.05,0,0,0,16-Aug,6206.89,,19-Mar,634,630,0,,1,Individual,,,,0,0,218695,0,2,0,2,14,18276,74,2,4,3281,63,19000,1,3,2,8,19881,9949,47.6,0,0,120,137,11,9,3,11,,10,,0,6,6,8,13,7,9,14,6,13,0,0,0,3,96,37.5,0,0,236795,27327,19000,24744,,,,,,,,,,,,,,N,,,,,,,,,,,,,,,Cash,N,,,,,,
68466995,,10000,10000,10000, 36 months,7.91,312.95,A,A5,Teacher,2 years,RENT,40100,Not Verified,15-Dec,Fully Paid,n,https://lendingclub.com/browse/loanDetail.action?loan_id=68466995,,credit_card,Credit card refinancing,453xx,OH,10.81,0,Oct-98,680,684,1,,,4,0,6664,45,7,w,0,0,11255.15466,11255.15,10000,1255.15,0,0,0,19-Jan,312.89,,19-Mar,699,695,0,,1,Individual,,,,0,1036,27354,1,1,0,0,76,20690,101,1,2,5037,78,14800,0,0,1,2,6839,6420,50.6,0,0,124,206,1,1,0,24,,1,,0,2,3,2,2,3,3,4,3,4,0,0,0,1,100,0,0,0,35247,27354,13000,20447,,,,,,,,,,,,,,N,,,,,,,,,,,,,,,Cash,N,,,,,,
68584507,,16000,16000,16000, 60 months,13.44,367.67,C,C3,Merchandise Manager,1 year,RENT,42000,Not Verified,15-Dec,Charged Off,n,https://lendingclub.com/browse/loanDetail.action?loan_id=68584507,,credit_card,Credit card refinancing,019xx,MA,9.6,0,2-Apr,670,674,0,,,29,0,11834,44.8,48,w,0,0,4382.17,4382.17,2406.29,1975.88,0,0,0,17-Jan,367.67,,17-May,499,0,0,,1,Individual,,,,0,0,83690,0,15,0,0,52,71856,118,0,1,1846,96,26400,0,0,0,1,2886,14203,40.6,0,0,164,120,16,16,0,16,,,,0,7,8,13,20,25,14,23,8,29,0,0,0,0,97.9,30.8,0,0,87509,83690,23900,61109,,,,,,,,,,,,,,N,,,,,,,,,,,,,,,Cash,N,,,,,,
68466924,,21875,21875,21875, 36 months,11.99,726.46,C,C1,Wire Technician,< 1 year,RENT,47590,Source Verified,15-Dec,Fully Paid,n,https://lendingclub.com/browse/loanDetail.action?loan_id=68466924,,credit_card,Credit card refinancing,347xx,FL,17.76,0,1-Apr,700,704,0,,,9,0,24882,57.1,14,w,0,0,25851.27281,25851.27,21875,3976.27,0,0,0,18-Mar,7662.31,,18-Aug,774,770,0,,1,Individual,,,,0,0,40976,1,1,0,0,55,16094,49,1,2,11556,54,43600,0,1,0,2,5122,10318,70.7,0,0,140,176,6,6,0,6,,,,0,5,5,5,5,3,8,11,5,9,0,0,0,1,100,60,0,0,76326,40976,35200,32726,,,,,,,,,,,,,,N,,,,,,,,,,,,,,,Cash,N,,,,,,
68367009,,14025,14025,14025, 60 months,18.49,359.9,D,D5,accts payable,10+ years,MORTGAGE,39000,Verified,15-Dec,Fully Paid,n,https://lendingclub.com/browse/loanDetail.action?loan_id=68367009,,debt_consolidation,Debt consolidation,546xx,WI,18,0,1-Aug,675,679,1,,,12,0,15646,74.9,21,w,0,0,16341.39079,16341.39,14025,2316.39,0,0,0,16-Dec,12764.01,,19-Feb,694,690,0,,1,Individual,,,,0,0,60381,1,0,0,0,91,0,,2,5,4879,75,20900,0,0,2,5,5032,578,93.4,0,0,138,172,2,2,3,2,,2,,0,3,11,3,3,4,11,13,11,12,0,0,0,2,100,66.7,0,0,72286,15646,8800,0,,,,,,,,,,,,,,N,,,,,,,,,,,,,,,Cash,N,,,,,,
68475450,,35000,35000,35000, 60 months,12.88,794.21,C,C2,Lieutenant ,7 years,MORTGAGE,106000,Source Verified,15-Dec,Charged Off,n,https://lendingclub.com/browse/loanDetail.action?loan_id=68475450,,debt_consolidation,Debt consolidation,351xx,AL,17.36,0,2-Apr,730,734,0,,,8,0,39055,72.1,27,w,0,0,22968.61,22968.61,10323.88,7086.13,0,5558.6,1000.548,17-Nov,794.21,,19-Mar,504,500,0,,1,Individual,,,,0,0,299890,0,3,0,0,35,16012,43,0,0,9701,60,54200,0,4,0,0,37486,12875,67.2,0,0,135,164,38,35,4,38,,,,0,3,4,3,6,13,4,10,4,8,0,0,0,0,100,0,0,0,366974,55067,39200,36981,,,,,,,,,,,,,,N,,,,,,,,,,,,,,,Cash,N,,,,,,
68525943,,20000,20000,20000, 36 months,12.88,672.73,C,C2,President,10+ years,MORTGAGE,145000,Not Verified,15-Dec,Fully Paid,n,https://lendingclub.com/browse/loanDetail.action?loan_id=68525943,,debt_consolidation,Debt consolidation,029xx,RI,12.28,0,4-Feb,695,699,0,,,12,0,22551,80.2,21,w,0,0,24273.87839,24273.88,20000,4206.6,67.28,0,0,19-Mar,764.11,,19-Mar,609,605,0,,1,Individual,,,,0,0,429218,2,3,1,2,2,9935,43,2,3,4627,62,28500,1,0,6,5,39020,2822,81.6,0,0,79,142,4,2,5,27,,1,,0,4,6,5,8,5,7,11,6,12,0,0,0,3,100,75,0,0,472759,32486,13500,23259,,,,,,,,,,,,,,N,,,,,,,,,,,,,,,Cash,N,,,,,,
68340446,,14000,14000,14000, 60 months,14.85,331.96,C,C5,Accountant,2 years,MORTGAGE,60000,Not Verified,15-Dec,Charged Off,n,https://lendingclub.com/browse/loanDetail.action?loan_id=68340446,,debt_consolidation,,852xx,AZ,24.29,0,9-Aug,690,694,0,,,11,0,12718,73.9,24,w,0,0,7458.9,7458.9,3175.67,2770.73,16.6,1495.9,269.262,17-Jul,331.96,,17-Dec,514,510,0,,1,Individual,,,,0,0,70789,0,2,1,2,10,58071,99,0,1,4952,89,17200,1,0,5,3,6435,2382,84.2,0,0,76,71,23,10,0,23,,0,,0,7,7,8,8,13,9,11,8,11,0,0,0,1,100,87.5,0,0,83083,70789,15100,65883,,,,,,,,,,,,,,N,,,,,,,,,,,,,,,Cash,N,,,,,,
68615169,,16000,16000,16000, 60 months,8.49,328.19,B,B1,Supervisor,5 years,MORTGAGE,62000,Source Verified,15-Dec,In Grace Period,n,https://lendingclub.com/browse/loanDetail.action?loan_id=68615169,,credit_card,Credit card refinancing,936xx,CA,28.92,0,2-Mar,720,724,0,39,,10,0,15763,51.2,24,w,6664.39,6664.39,12430.1,12430.1,9335.61,3094.49,0,0,0,19-Feb,328.19,19-Apr,19-Mar,694,690,0,61,1,Individual,,,,0,0,227708,3,3,1,2,3,48608,82,2,4,4727,71,30800,1,1,0,6,22771,8703,63,0,0,165,159,3,3,3,3,,17,39,1,4,5,4,7,9,6,12,6,10,0,0,0,3,87.5,50,0,0,307343,64371,23500,59526,,,,,,,,,,,,,,N,,,,,,,,,,,,,,,Cash,N,,,,,,
68397043,,28000,28000,28000, 60 months,14.85,663.92,C,C5,Division General Manager,2 years,MORTGAGE,85000,Not Verified,15-Dec,Current,n,https://lendingclub.com/browse/loanDetail.action?loan_id=68397043,,debt_consolidation,Debt consolidation,300xx,GA,28.52,0,Nov-99,670,674,0,,,19,0,36814,71.8,29,w,12718.12,12718.12,25171.21,25171.21,15281.88,9889.33,0,0,0,19-Feb,663.92,19-Apr,19-Mar,664,660,0,,1,Individual,,,,0,150,256638,0,2,0,1,16,20515,69,1,3,14170,71,51300,0,0,0,4,14258,3764,84.9,0,0,150,193,11,11,2,11,,19,,0,5,15,6,11,5,16,22,15,19,0,0,0,1,100,60,0,0,280650,57329,25000,29709,,,,,,,,,,,,,,N,,,,,,,,,,,,,,,Cash,N,,,,,,
68506862,,20000,20000,20000, 60 months,13.99,465.27,C,C4,Facilities Coordinator,10+ years,OWN,70000,Source Verified,15-Dec,Charged Off,n,https://lendingclub.com/browse/loanDetail.action?loan_id=68506862,,debt_consolidation,Debt consolidation,210xx,MD,16.9,0,1-Jun,680,684,0,33,,20,0,31200,42,35,w,0,0,15473.02,15473.02,2965.17,2592.85,0,9915,1784.7,17-Jan,465.27,,18-Aug,624,620,0,69,1,Individual,,,,0,0,34856,2,1,0,0,43,3656,37,2,3,4367,41,74200,0,1,0,3,1835,18527,44,0,0,46,174,5,5,0,6,,13,,1,6,11,9,19,2,19,32,11,20,0,0,0,2,94.3,44.4,0,0,84200,34856,33100,10000,,,,,,,,,,,,,,N,,,,,,,,,,,,,,,Cash,Y,17-Nov,COMPLETE,17-Sep,9915,55,1
68341799,,17600,17600,17600, 60 months,19.89,465.22,E,E3,RN,< 1 year,RENT,44000,Verified,15-Dec,Current,n,https://lendingclub.com/browse/loanDetail.action?loan_id=68341799,,credit_card,,322xx,FL,17.56,0,6-Jun,680,684,0,,,7,0,12900,102.4,25,w,8517.69,8517.69,17629.74,17629.74,9082.31,8547.43,0,0,0,19-Feb,465.22,19-Apr,19-Mar,684,680,0,,1,Individual,,,,0,0,133285,0,4,0,1,13,120385,83,0,0,5998,91,12600,0,1,0,1,19041,0,102.4,0,0,112,114,25,13,0,25,,,,0,3,3,3,3,21,3,4,3,7,0,0,0,0,100,100,0,0,139633,133285,12600,127033,,,,,,,,,,,,,,N,,,,,,,,,,,,,,,Cash,N,,,,,,
68487261,,4200,4200,4200, 36 months,13.44,142.41,C,C3,Manager,10+ years,MORTGAGE,102500,Not Verified,15-Dec,Fully Paid,n,https://lendingclub.com/browse/loanDetail.action?loan_id=68487261,,debt_consolidation,Debt consolidation,134xx,NY,26.21,0,Jan-99,700,704,0,,,14,0,11947,88.5,37,w,0,0,5118.759265,5118.76,4200,918.76,0,0,0,19-Jan,142.25,,19-Mar,719,715,0,,1,Individual,,,,0,0,197024,2,6,2,3,3,32446,54,0,4,4797,60,13500,1,9,2,8,14073,983,89.1,0,0,138,203,13,3,7,23,,7,,0,2,6,2,7,14,6,16,6,14,0,0,0,3,100,100,0,0,264272,44393,9000,60487,,,,,,,,,,,,,,N,,,,,,,,,,,,,,,Cash,N,,,,,,
68597047,,19000,19000,19000, 60 months,14.85,450.52,C,C5,Application Analyst,9 years,OWN,75000,Not Verified,15-Dec,Fully Paid,n,https://lendingclub.com/browse/loanDetail.action?loan_id=68597047,,credit_card,Credit card refinancing,112xx,NY,13.09,0,Jun-00,665,669,2,63,,15,0,17771,63.7,34,w,0,0,21165.03735,21165.04,19000,2165.04,0,0,0,17-Feb,10797.99,,18-Feb,779,775,0,,1,Individual,,,,0,0,72043,2,2,0,1,13,30388,83,3,6,2724,75,27900,0,4,2,9,5146,884,88.2,1,0,151,186,1,1,3,3,,1,63,1,4,10,4,6,13,12,18,10,15,0,0,0,4,94.1,100,0,0,94620,48159,7500,36720,,,,,,,,,,,,,,N,,,,,,,,,,,,,,,Cash,N,,,,,,
68366999,,15850,15850,15850, 60 months,23.13,448.01,F,F2,Lead manufacturing ,10+ years,OWN,45000,Not Verified,15-Dec,Fully Paid,n,https://lendingclub.com/browse/loanDetail.action?loan_id=68366999,,debt_consolidation,Debt consolidation,440xx,OH,34.85,0,7-Jan,755,759,1,,,18,0,8799,21.3,24,f,0,0,21481.26095,21481.26,15850,5631.26,0,0,0,17-Sep,13019.99,,18-Feb,744,740,0,,1,Individual,,,,0,25,45025,3,2,2,3,5,36226,84,2,2,6833,53,41300,1,0,1,5,2649,12808,35.6,0,0,90,107,2,2,0,10,,5,,0,2,4,4,4,7,16,17,4,18,0,0,0,4,100,0,0,0,84300,45025,19900,43000,,,,,,,,,,,,,,N,,,,,,,,,,,,,,,Cash,N,,,,,,
68506885,,10000,10000,10000, 60 months,11.99,222.4,C,C1,CARDIOVASCULAR TECH,10+ years,RENT,42500,Not Verified,15-Dec,Current,n,https://lendingclub.com/browse/loanDetail.action?loan_id=68506885,,debt_consolidation,Debt consolidation,460xx,IN,31.04,0,Dec-98,705,709,1,,,10,0,5812,40.9,23,w,4372.47,4372.47,8434.55,8434.55,5627.53,2807.02,0,0,0,19-Feb,222.4,19-Apr,19-Mar,754,750,0,,1,Individual,,,,0,0,41166,1,3,0,2,13,35354,76,1,1,3118,67,14200,1,1,1,3,4117,7288,44.4,0,0,129,204,5,5,0,5,,5,,0,4,4,6,9,12,7,11,4,10,0,0,0,1,100,50,0,0,61054,41166,13100,46854,,,,,,,,,,,,,,N,,,,,,,,,,,,,,,Cash,N,,,,,,
68394562,,30000,30000,30000, 36 months,15.77,1051.31,D,D1,Vice-President,2 years,MORTGAGE,175000,Not Verified,15-Dec,Fully Paid,n,https://lendingclub.com/browse/loanDetail.action?loan_id=68394562,,home_improvement,Home improvement,430xx,OH,18.5,0,Aug-97,725,729,1,61,,9,0,21831,50.3,23,w,0,0,33903.76574,33903.77,30000,3903.77,0,0,0,16-Dec,23456.38,,17-Sep,734,730,0,,1,Individual,,,,0,0,408118,2,4,2,4,6,130740,84,0,1,12141,71,43400,4,3,3,7,51015,21569,50.3,0,0,118,220,16,6,3,16,,0,61,0,2,2,3,7,9,4,11,2,9,0,0,0,3,95.7,33.3,0,0,447599,152571,43400,146568,,,,,,,,,,,,,,N,,,,,,,,,,,,,,,Cash,N,,,,,,
68416953,,1500,1500,1500, 36 months,6.49,45.97,A,A2,,,MORTGAGE,45000,Not Verified,15-Dec,Fully Paid,n,https://lendingclub.com/browse/loanDetail.action?loan_id=68416953,,vacation,Vacation,967xx,HI,16.11,0,Dec-87,745,749,0,39,,12,0,3717,21.2,37,w,0,0,1598.983365,1598.98,1500,98.98,0,0,0,17-Apr,956.75,,19-Mar,739,735,0,,1,Individual,,,,0,0,158643,3,2,1,2,3,14683,81,3,5,3382,52,17500,0,1,1,8,15864,8818,27.7,0,0,123,336,6,3,4,6,39,12,39,0,1,3,4,15,8,9,25,3,12,0,0,0,4,97.2,0,0,0,179105,18400,12200,18050,,,,,,,,,,,,,,N,,,,,,,,,,,,,,,Cash,N,,,,,,
68587652,,25000,25000,25000, 36 months,5.32,752.87,A,A1,Director,1 year,MORTGAGE,150000,Not Verified,15-Dec,Fully Paid,n,https://lendingclub.com/browse/loanDetail.action?loan_id=68587652,,credit_card,Credit card refinancing,054xx,VT,9.54,0,Feb-96,795,799,0,,,7,0,19339,42.5,18,w,0,0,27033.11086,27033.11,25000,2033.11,0,0,0,18-Dec,752.86,,18-Dec,784,780,0,,1,Individual,,,,0,0,430856,1,2,0,0,28,25447,6,1,1,19339,34,45500,0,7,0,1,61551,24661,44,0,0,166,238,4,4,7,73,,,,0,1,1,3,3,4,4,7,1,7,0,0,0,1,100,0,0,0,512381,44786,44000,51081,,,,,,,,,,,,,,N,,,,,,,,,,,,,,,Cash,N,,,,,,
68407333,,16250,16250,16250, 60 months,13.44,373.41,C,C3,Radiology Tech.,2 years,MORTGAGE,50000,Not Verified,15-Dec,Current,n,https://lendingclub.com/browse/loanDetail.action?loan_id=68407333,,debt_consolidation,Debt consolidation,128xx,NY,34.95,0,Apr-90,690,694,0,,,15,0,27336,94.9,21,w,7245.32,7245.32,14159.25,14159.25,9004.68,5154.57,0,0,0,19-Feb,373.41,19-Apr,19-Mar,714,710,0,,1,Individual,,,,0,0,201184,0,10,0,0,38,50801,94,0,1,9937,95,28800,1,1,1,2,13412,350,98.7,0,0,194,308,17,8,2,17,,9,,0,3,4,3,4,13,4,6,4,15,0,0,0,1,100,100,0,0,206555,78137,27300,53905,,,,,,,,,,,,,,N,,,,,,,,,,,,,,,Cash,N,,,,,,
68466066,,20200,20200,20200, 60 months,18.49,518.35,D,D5,Manager,4 years,RENT,60000,Source Verified,15-Dec,Charged Off,n,https://lendingclub.com/browse/loanDetail.action?loan_id=68466066,,debt_consolidation,Debt consolidation,958xx,CA,34.84,0,4-Jun,720,724,0,,86,10,1,8284,40.6,16,w,0,0,9278.43,9278.43,4258.61,5019.82,0,0,0,17-Jul,518.35,,17-Nov,564,560,0,,1,Individual,,,,0,0,43224,0,4,2,3,7,34940,54,2,3,8284,51,20400,2,2,1,6,4322,9516,46.5,0,0,138,74,7,7,0,16,,9,,0,1,1,4,6,7,6,9,1,10,0,0,0,4,100,25,1,0,84627,43224,17800,64227,,,,,,,,,,,,,,N,,,,,,,,,,,,,,,Cash,N,,,,,,
68436934,,23975,23975,23975, 60 months,19.89,633.73,E,E3,Principal,10+ years,RENT,70000,Not Verified,15-Dec,Charged Off,n,https://lendingclub.com/browse/loanDetail.action?loan_id=68436934,,credit_card,Credit card refinancing,220xx,VA,33.2,0,Jun-95,685,689,1,,,10,0,44807,94.9,19,w,0,0,3928.86,3928.86,1478.13,2450.73,0,0,0,16-Jul,633.73,,17-Feb,519,515,0,,1,Individual,,,,0,0,57655,1,1,0,1,24,6234,30,1,1,9973,77,47200,0,0,1,2,6406,1249,97.2,0,0,24,240,4,4,3,52,,4,,0,5,7,6,7,1,8,14,7,10,0,0,0,1,100,100,0,0,74779,57655,44400,20800,,,,,,,,,,,,,,N,,,,,,,,,,,,,,,Cash,N,,,,,,
68617057,,15000,15000,15000, 60 months,10.78,324.5,B,B4,Senior Buyer,10+ years,MORTGAGE,65000,Not Verified,15-Dec,Fully Paid,n,https://lendingclub.com/browse/loanDetail.action?loan_id=68617057,,debt_consolidation,Debt consolidation,350xx,AL,29.28,0,1-Aug,720,724,0,,,18,0,24723,69.8,32,w,0,0,18520.2766,18520.28,15000,3520.28,0,0,0,19-Feb,2536.24,,19-Mar,704,700,0,,1,Individual,,,,0,0,224194,0,7,1,1,10,71557,81,1,2,8415,76,35400,0,1,1,3,12455,4286,84.9,0,0,172,171,12,10,1,12,,10,,0,6,7,7,12,14,10,17,7,18,0,0,0,2,100,71.4,0,0,256635,96280,28400,83810,,,,,,,,,,,,,,N,,,,,,,,,,,,,,,Cash,N,,,,,,
68536799,,10000,10000,10000, 36 months,10.78,326.35,B,B4,Lpn,3 years,MORTGAGE,41600,Not Verified,15-Dec,Fully Paid,n,https://lendingclub.com/browse/loanDetail.action?loan_id=68536799,,debt_consolidation,Debt consolidation,472xx,IN,15.78,0,4-Oct,695,699,0,,,18,0,12958,52.5,33,w,0,0,11289.95069,11289.95,10000,1289.95,0,0,0,17-Jul,5756.97,,18-Dec,714,710,0,,1,Individual,,,,0,0,168304,2,9,2,3,2,27723,94,0,2,4958,75,24700,2,4,2,5,9350,4617,66.8,0,0,134,124,16,2,2,16,,7,,0,2,5,3,4,16,8,15,5,18,0,0,0,2,100,33.3,0,0,190694,40681,13900,29512,,,,,,,,,,,,,,N,,,,,,,,,,,,,,,Cash,N,,,,,,
68357012,,15000,15000,15000, 36 months,8.49,473.45,B,B1,Senior Associate,6 years,MORTGAGE,110000,Not Verified,15-Dec,Fully Paid,n,https://lendingclub.com/browse/loanDetail.action?loan_id=68357012,,credit_card,Credit card refinancing,085xx,NJ,13.24,0,2-Dec,670,674,0,,71,16,1,19029,41.4,33,w,0,0,15657.93,15657.93,15000,657.93,0,0,0,16-Jul,13308.37,,18-May,734,730,0,,1,Individual,,,,0,0,327836,0,2,0,1,14,8820,42,3,5,10538,42,46000,2,0,3,7,20490,10457,62.9,0,0,142,150,7,7,4,18,,11,,0,5,8,5,10,3,13,24,8,16,0,0,0,4,100,20,1,0,369112,27849,28200,21124,,,,,,,,,,,,,,N,,,,,,,,,,,,,,,Cash,N,,,,,,
68376217,,23100,23100,23100, 60 months,20.5,618.46,E,E4,Regional Sales Direcdtor,2 years,OWN,110000,Not Verified,15-Dec,Charged Off,n,https://lendingclub.com/browse/loanDetail.action?loan_id=68376217,,car,Car financing,197xx,DE,20.43,0,Aug-86,660,664,0,47,,11,0,20594,94.9,24,w,0,0,5305.12,5305.12,1158.07,1868.46,0,2278.59,410.1462,16-Jun,618.46,,16-Dec,584,580,0,47,1,Individual,,,,0,1105,55048,1,3,0,0,25,34454,43,3,5,4871,54,21700,3,0,9,5,5505,1106,94.9,0,0,159,352,3,3,2,3,47,0,47,1,5,5,8,11,10,8,12,6,11,0,0,0,3,87.5,85.7,0,0,102524,55048,21700,80824,,,,,,,,,,,,,,N,,,,,,,,,,,,,,,Cash,N,,,,,,
68526942,,27300,27300,27300, 36 months,17.27,977,D,D3,groundsman,10+ years,MORTGAGE,65000,Not Verified,15-Dec,Charged Off,n,https://lendingclub.com/browse/loanDetail.action?loan_id=68526942,,home_improvement,Home improvement,117xx,NY,25.63,0,2-Nov,660,664,0,,,14,0,31035,83,38,w,0,0,8727.52,8727.52,5569.98,3157.54,0,0,0,16-Oct,977,,18-May,524,520,0,,1,Individual,,,,0,0,238105,0,1,0,2,16,29947,81,2,3,9413,82,37400,2,2,3,7,18316,3924,87.7,0,0,150,157,11,9,2,17,,8,,0,7,9,7,17,5,11,31,9,14,0,0,0,3,100,85.7,0,0,253900,60982,32000,37192,,,,,,,,,,,,,,N,,,,,,,,,,,,,,,Cash,N,,,,,,
68396080,,25000,25000,25000, 60 months,11.48,549.57,B,B5,Project Manager,10+ years,MORTGAGE,135000,Not Verified,15-Dec,Fully Paid,n,https://lendingclub.com/browse/loanDetail.action?loan_id=68396080,,credit_card,Credit card refinancing,774xx,TX,4.65,0,4-Oct,705,709,0,47,,16,0,7340,13.5,33,w,0,0,26482.58,26482.58,25000,1482.58,0,0,0,16-Jul,23774.59,,19-Jan,709,705,0,47,1,Individual,,,,0,0,23522,0,1,1,2,7,16182,91,2,6,2990,33,54400,1,1,5,9,1470,38700,15.5,0,0,134,100,7,7,5,10,,3,,1,3,4,11,13,6,15,21,4,16,0,0,0,4,97,0,0,0,72150,23522,45800,17750,,,,,,,,,,,,,,N,,,,,,,,,,,,,,,Cash,N,,,,,,
68385794,,15000,15000,15000, 36 months,10.78,489.52,B,B4,Coaching General Manager,1 year,RENT,40000,Verified,15-Dec,Fully Paid,n,https://lendingclub.com/browse/loanDetail.action?loan_id=68385794,,credit_card,Credit card refinancing,787xx,TX,10.17,0,6-Oct,670,674,0,,,7,0,12272,75.3,9,w,0,0,17653.90209,17653.9,15000,2653.9,0,0,0,18-Nov,1464.61,,18-Dec,724,720,0,,1,Individual,,,,0,0,12272,2,0,0,0,,0,,2,2,4917,75,16300,0,0,0,2,2045,347,96.6,0,0,,110,3,3,0,3,,21,,0,4,6,4,4,0,7,9,6,7,0,0,0,2,100,100,0,0,16300,12272,10300,0,,,,,,,,,,,,,,N,,,,,,,,,,,,,,,Cash,N,,,,,,
68374676,,10000,10000,10000, 60 months,16.59,246.33,D,D2,Emergency Department technician ,< 1 year,RENT,30000,Source Verified,15-Dec,Fully Paid,n,https://lendingclub.com/browse/loanDetail.action?loan_id=68374676,,debt_consolidation,Debt consolidation,447xx,OH,30.84,0,Sep-00,715,719,2,78,91,19,1,6118,26.6,36,w,0,0,10757.52,10757.52,10000,757.52,0,0,0,16-Jun,9795.24,,18-Apr,559,555,0,78,1,Individual,,,,0,0,65214,2,14,1,3,5,59096,94,1,1,4807,76,23000,5,0,7,4,3432,15310,28.1,0,0,183,162,3,3,0,3,,1,,1,3,4,3,5,28,4,8,4,19,0,0,0,2,96.9,0,1,0,85929,65214,21300,62929,,,,,,,,,,,,,,N,,,,,,,,,,,,,,,Cash,N,,,,,,
68547679,,18500,18500,18500, 60 months,12.88,419.8,C,C2,Supply Chain Coord.,10+ years,MORTGAGE,70000,Source Verified,15-Dec,Fully Paid,n,https://lendingclub.com/browse/loanDetail.action?loan_id=68547679,,debt_consolidation,Debt consolidation,752xx,TX,13.2,0,2-Jun,675,679,1,45,,9,0,15883,57.8,19,w,0,0,21912.00299,21912,18500,3412,0,0,0,17-Aug,14388.69,,17-Aug,724,720,0,86,1,Individual,,,,0,0,123863,1,2,1,2,11,12681,71,2,3,5431,63,27500,0,0,2,5,13763,11617,57.8,0,0,154,162,3,3,2,3,86,2,86,1,6,6,6,11,4,6,13,6,9,0,0,0,3,89.5,16.7,0,0,143748,28564,27500,17944,,,,,,,,,,,,,,N,,,,,,,,,,,,,,,Cash,N,,,,,,
68537594,,5000,5000,5000, 36 months,7.91,156.48,A,A5,Property Manager,6 years,RENT,32000,Source Verified,15-Dec,Fully Paid,n,https://lendingclub.com/browse/loanDetail.action?loan_id=68537594,,credit_card,Credit card refinancing,434xx,OH,13.73,0,12-Feb,685,689,0,,50,7,1,5552,41.1,10,w,0,0,5627.559926,5627.56,5000,627.56,0,0,0,19-Jan,156.25,,19-Mar,659,655,0,,1,Individual,,,,0,0,11665,0,1,0,1,13,6113,75,0,4,2361,54,13500,1,1,1,5,1666,5787,42.7,0,0,13,46,16,13,0,17,,11,,0,4,5,4,5,1,6,9,5,7,0,0,0,0,100,0,1,0,21690,11665,10100,8190,,,,,,,,,,,,,,N,,,,,,,,,,,,,,,Cash,N,,,,,,
68565856,,9000,9000,9000, 36 months,9.17,286.92,B,B2,Truck Driver,1 year,OWN,50000,Not Verified,15-Dec,Fully Paid,n,https://lendingclub.com/browse/loanDetail.action?loan_id=68565856,,debt_consolidation,Debt consolidation,670xx,KS,11.98,0,1-Jun,800,804,2,,,5,0,7518,48.5,11,w,0,0,10232.90871,10232.91,9000,1232.91,0,0,0,19-Jan,167.11,,19-Jan,589,585,0,,1,Individual,,,,0,0,40272,1,1,0,0,37,6600,40,1,1,7392,44,15500,1,0,2,1,8054,7982,48.5,0,0,165,174,4,4,2,4,,0,,0,2,2,3,5,3,3,6,2,5,0,0,0,1,100,33.3,0,0,69818,14118,15500,16318,,,,,,,,,,,,,,N,,,,,,,,,,,,,,,Cash,N,,,,,,
68367006,,11000,11000,11000, 36 months,6.49,337.09,A,A2,material handler lead,10+ years,MORTGAGE,85000,Not Verified,15-Dec,Fully Paid,n,https://lendingclub.com/browse/loanDetail.action?loan_id=68367006,,credit_card,Credit card refinancing,016xx,MA,15,0,5-Apr,755,759,0,,,12,0,9488,20.1,31,w,0,0,11513.41,11513.41,11000,513.41,0,0,0,16-Oct,8826.61,,19-Feb,694,690,0,,1,Individual,,,,0,0,32193,0,2,0,1,17,22705,52,0,2,3906,35,47300,1,2,2,3,2927,13312,41.6,0,0,128,121,18,17,0,45,,0,,0,3,3,5,10,8,10,21,3,12,0,0,0,0,100,0,0,0,90996,32193,22800,43696,,,,,,,,,,,,,,N,,,,,,,,,,,,,,,Cash,N,,,,,,
68426699,,20000,20000,20000, 36 months,6.49,612.89,A,A2,"TEAM LEAD, QUALITY ENGINEER",6 years,MORTGAGE,55000,Not Verified,15-Dec,Fully Paid,n,https://lendingclub.com/browse/loanDetail.action?loan_id=68426699,,debt_consolidation,Debt consolidation,381xx,TN,29.15,0,Sep-94,750,754,0,74,,9,0,4851,23.8,23,w,0,0,22045.97155,22045.97,20000,2045.97,0,0,0,19-Jan,612.85,,19-Mar,749,745,0,,1,Individual,,,,0,0,205155,1,3,1,4,3,36812,79,1,1,2776,62,20400,1,0,3,5,25644,9924,21.9,0,0,87,255,8,3,1,8,,3,,0,1,3,2,9,8,5,14,3,9,0,0,0,2,95.7,0,0,0,247433,41663,12700,46367,,,,,,,,,,,,,,N,,,,,,,,,,,,,,,Cash,N,,,,,,
68377020,,15000,15000,15000, 36 months,5.32,451.73,A,A1,,,RENT,80000,Not Verified,15-Dec,Fully Paid,n,https://lendingclub.com/browse/loanDetail.action?loan_id=68377020,,debt_consolidation,Debt consolidation,236xx,VA,20.18,0,Apr-93,775,779,1,35,,30,0,41593,21.4,47,w,0,0,16241.27549,16241.28,15000,1241.28,0,0,0,18-Sep,2244.3,,18-Sep,799,795,0,,1,Individual,,,,0,0,330562,1,1,0,0,54,55536,,2,6,2491,21,194800,1,1,3,6,13773,114609,4.2,0,0,141,272,2,2,2,2,,1,35,0,7,12,12,19,6,28,39,12,30,0,0,0,2,97.9,0,0,0,537200,97129,119600,94400,,,,,,,,,,,,,,N,,,,,,,,,,,,,,,Cash,N,,,,,,
68446746,,12000,12000,12000, 36 months,5.32,361.38,A,A1,Network Operation Engineer,4 years,MORTGAGE,53750,Source Verified,15-Dec,Fully Paid,n,https://lendingclub.com/browse/loanDetail.action?loan_id=68446746,,debt_consolidation,Debt consolidation,850xx,AZ,15.3,1,7-Sep,700,704,0,19,,8,0,3172,17.2,19,w,0,0,12463.54,12463.54,12000,463.54,0,0,0,16-Nov,9219.99,,18-Dec,499,0,0,,1,Individual,,,,0,0,142615,0,1,0,2,17,6468,22,0,0,0,22,18400,2,6,1,3,17827,8500,0,0,0,99,60,35,9,2,37,19,11,19,0,0,3,2,3,10,5,6,3,8,0,0,0,1,94.7,0,0,0,183062,11146,8500,29053,,,,,,,,,,,,,,N,,,,,,,,,,,,,,,Cash,N,,,,,,
68537564,,8000,8000,8000, 36 months,10.78,261.08,B,B4,Counselor,< 1 year,MORTGAGE,45000,Not Verified,15-Dec,Fully Paid,n,https://lendingclub.com/browse/loanDetail.action?loan_id=68537564,,debt_consolidation,Debt consolidation,482xx,MI,21.23,0,Jan-98,670,674,0,34,,28,0,11141,35.5,69,w,0,0,9257.102458,9257.1,8000,1257.1,0,0,0,18-Mar,252.27,,19-Mar,769,765,0,61,1,Individual,,,,0,0,148154,2,2,0,1,13,136887,86,4,6,1984,49,31400,2,2,0,7,5926,1188,79.5,0,0,147,215,4,4,2,13,,13,34,1,3,11,3,6,21,25,45,12,27,0,0,0,4,97.1,100,0,0,168819,148154,5800,136996,,,,,,,,,,,,,,N,,,,,,,,,,,,,,,Cash,N,,,,,,
68446784,,12000,12000,12000, 36 months,10.78,391.62,B,B4,Salesman,3 years,RENT,40000,Not Verified,15-Dec,Fully Paid,n,https://lendingclub.com/browse/loanDetail.action?loan_id=68446784,,credit_card,Credit card refinancing,070xx,NJ,31.95,3,8-May,665,669,0,9,,16,0,11008,41.4,22,w,0,0,13096.73223,13096.73,12000,1096.73,0,0,0,17-Jan,8659.7,,19-Feb,524,520,0,,1,Individual,,,,0,230,31915,0,2,1,1,12,20907,64,1,2,3058,54,26600,2,0,4,3,2128,10671,49.7,0,0,64,91,10,10,0,10,9,2,9,0,7,8,10,11,3,14,19,8,16,0,0,0,2,90.5,20,0,0,59420,31915,21200,32820,,,,,,,,,,,,,,N,,,,,,,,,,,,,,,Cash,N,,,,,,
68376533,,18000,18000,18000, 36 months,7.49,559.83,A,A4,Systems Support Engineer,5 years,MORTGAGE,75000,Not Verified,15-Dec,Fully Paid,n,https://lendingclub.com/browse/loanDetail.action?loan_id=68376533,,debt_consolidation,Debt consolidation,030xx,NH,25.65,0,1-Mar,715,719,1,46,,12,0,7758,33.2,47,w,0,0,19771.09725,19771.1,18000,1771.1,0,0,0,17-Oct,8073.57,,19-Feb,529,525,0,,1,Individual,,,,0,0,304914,3,6,2,3,6,94902,76,2,3,4829,65,23400,1,3,3,7,25410,12642,38,0,0,177,175,6,6,1,6,46,6,46,0,2,2,4,15,24,5,21,2,12,0,0,0,5,97.8,50,0,0,335119,102660,20400,107522,,,,,,,,,,,,,,N,,,,,,,,,,,,,,,Cash,N,,,,,,
68476714,,3600,3600,3600, 36 months,11.48,118.68,B,B5,Systems Administrator,< 1 year,MORTGAGE,85000,Source Verified,15-Dec,Fully Paid,n,https://lendingclub.com/browse/loanDetail.action?loan_id=68476714,,debt_consolidation,Debt consolidation,220xx,VA,17.44,0,Apr-94,675,679,2,,81,12,1,6952,28.7,23,w,0,0,4049.625087,4049.63,3600,449.63,0,0,0,17-May,2275.17,,19-Jan,729,725,0,,1,Individual,,,,0,194,407032,0,3,1,3,9,35380,82,0,1,4288,63,24200,2,1,8,4,33919,15532,29.4,0,0,260,129,16,9,1,16,,1,,0,3,4,7,10,8,8,14,4,12,0,0,0,1,100,28.6,1,0,457315,42332,22000,43306,,,,,,,,,,,,,,N,,,,,,,,,,,,,,,Cash,N,,,,,,
66615254,,7200,7200,7200, 36 months,17.27,257.67,D,D3,Department Manager ,9 years,OWN,20000,Verified,15-Dec,Charged Off,n,https://lendingclub.com/browse/loanDetail.action?loan_id=66615254,,debt_consolidation,Debt consolidation,023xx,MA,13.21,1,3-Apr,705,709,1,23,,8,0,7302,32.6,17,w,0,0,3767.42,3767.42,2002.17,1041.44,0,723.81,130.2858,16-Dec,257.67,,18-Jul,549,545,0,,1,Individual,,,,0,0,7302,2,0,1,1,12,0,,3,4,5509,33,22400,2,0,3,5,913,9831,41.8,0,0,128,152,5,5,0,5,23,0,23,0,3,4,5,10,2,8,15,4,8,0,0,0,4,94.1,0,0,0,22400,7302,16900,0,,,,,,,,,,,,,,N,,,,,,,,,,,,,,,Cash,Y,18-May,BROKEN,17-Nov,2761,50.01,10
68396484,,15000,15000,15000, 60 months,13.44,344.69,C,C3,Counselor,4 years,RENT,77213,Source Verified,15-Dec,Fully Paid,n,https://lendingclub.com/browse/loanDetail.action?loan_id=68396484,,credit_card,Credit card refinancing,347xx,FL,18.17,0,1-Dec,670,674,2,,76,17,1,59237,25.8,44,w,0,0,17307.01868,17307.02,15000,2307.02,0,0,0,17-Mar,12793.18,,19-Jan,734,730,0,,1,Individual,,,,0,0,155521,2,2,0,0,45,96244,54,2,7,3046,36,80500,0,0,5,7,9720,6962,49.6,0,0,143,168,3,3,1,4,,1,,0,5,8,5,10,12,14,29,8,16,0,0,0,2,100,40,1,0,176208,155521,13800,95668,,,,,,,,,,,,,,N,,,,,,,,,,,,,,,Cash,N,,,,,,
68416256,,5000,5000,5000, 36 months,9.8,160.87,B,B3,Accounts Payable Manager,6 years,OWN,72000,Not Verified,15-Dec,Fully Paid,n,https://lendingclub.com/browse/loanDetail.action?loan_id=68416256,,other,Other,280xx,NC,6.52,0,2-Jan,710,714,0,,89,11,1,4838,56.3,20,f,0,0,5736.458009,5736.46,5000,736.46,0,0,0,18-Apr,1560.65,,18-Apr,744,740,0,,1,Individual,,,,0,0,142064,0,6,0,0,62,15913,68,1,2,0,65,8600,0,3,1,3,12915,,,0,0,167,43,7,7,2,,,12,,0,0,3,0,0,14,4,4,3,11,0,0,0,2,100,,1,0,155131,20751,0,23281,,,,,,,,,,,,,,N,,,,,,,,,,,,,,,Cash,N,,,,,,
68446093,,11550,11550,11550, 60 months,16.59,284.51,D,D2,general manager,5 years,RENT,38000,Not Verified,15-Dec,Charged Off,n,https://lendingclub.com/browse/loanDetail.action?loan_id=68446093,,credit_card,Credit card refinancing,436xx,OH,21.07,0,11-Jan,700,704,0,,,9,0,7179,39.7,12,w,0,0,7397.62,7397.62,3184.23,3048.38,0,1165.01,209.7018,17-Nov,284.51,,18-Apr,529,525,0,,1,Individual,,,,0,0,10353,1,2,0,1,13,3174,20,2,3,2701,30,18100,4,1,2,4,1150,6924,43.7,0,0,39,59,5,5,0,5,,0,,0,3,4,5,5,2,7,10,5,9,0,0,0,2,100,60,0,0,34105,10353,12300,16005,,,,,,,,,,,,,,N,,,,,,,,,,,,,,,Cash,N,,,,,,
66583801,,33600,33600,33600, 36 months,10.78,1096.53,B,B4,Aviation Safety Inspector,8 years,RENT,104000,Source Verified,15-Dec,Fully Paid,n,https://lendingclub.com/browse/loanDetail.action?loan_id=66583801,,debt_consolidation,Debt consolidation,441xx,OH,14.01,0,Nov-00,690,694,2,29,,14,0,28475,51.8,31,w,0,0,34309.15,34309.15,33600,709.15,0,0,0,16-Mar,33262.93,,16-Mar,699,695,0,29,1,Individual,,,,0,0,42952,0,1,0,0,50,14477,,1,1,12992,52,55000,1,0,5,1,3068,8302,75,0,0,156,181,8,8,1,8,,1,,1,5,9,6,12,7,13,23,10,14,0,0,0,1,96.8,33.3,0,0,92909,42952,33200,37909,,,,,,,,,,,,,,N,,,,,,,,,,,,,,,Cash,N,,,,,,
68466922,,17925,17925,17925, 60 months,17.27,448.09,D,D3,IT Help Desk Support ,10+ years,OWN,39000,Source Verified,15-Dec,Current,n,https://lendingclub.com/browse/loanDetail.action?loan_id=68466922,,debt_consolidation,Debt consolidation,432xx,OH,27.78,0,2-Sep,720,724,1,,,10,0,19614,76,21,w,8398.5,8398.5,16984.42,16984.42,9526.5,7457.92,0,0,0,19-Feb,448.09,19-Apr,19-Mar,714,710,0,,1,Individual,,,,0,0,102008,0,2,0,1,23,19930,76,0,3,5426,76,25800,1,6,1,4,10201,2618,78.9,0,0,136,156,21,21,4,21,,6,,0,2,5,3,5,5,7,12,7,10,0,0,0,0,100,66.7,0,0,122214,39544,12400,26199,,,,,,,,,,,,,,N,,,,,,,,,,,,,,,Cash,N,,,,,,
68585839,,17475,17475,17475, 36 months,13.99,597.17,C,C4,Software Testing Analyst,2 years,RENT,39750,Not Verified,15-Dec,Charged Off,n,https://lendingclub.com/browse/loanDetail.action?loan_id=68585839,,debt_consolidation,Debt consolidation,604xx,IL,23.58,0,2-May,695,699,0,27,,7,0,10987,52.3,13,w,0,0,15789.65,15789.65,8303.45,3104.2,0,4382,788.76,17-Sep,597.17,,19-Feb,589,585,0,,1,Individual,,,,0,0,32365,0,3,0,1,18,21378,73,1,2,9131,64,21000,1,0,3,3,5394,10013,52.3,0,0,106,163,11,11,0,11,30,11,27,0,2,2,4,5,6,4,7,2,7,0,0,0,1,84.6,0,0,0,50240,32365,21000,29240,,,,,,,,,,,,,,N,,,,,,,,,,,,,,,Cash,Y,19-Feb,COMPLETE,18-Jan,4382,44.99,12
68476734,,9000,9000,9000, 36 months,8.49,284.07,B,B1,Office Manager,8 years,MORTGAGE,47000,Not Verified,15-Dec,Fully Paid,n,https://lendingclub.com/browse/loanDetail.action?loan_id=68476734,,debt_consolidation,Debt consolidation,346xx,FL,8.43,0,Nov-00,675,679,0,,,12,0,9747,26.7,22,w,0,0,10213.62508,10213.63,9000,1213.63,0,0,0,18-Nov,849.93,,18-Nov,674,670,0,,1,Individual,,,,0,500,9747,2,0,0,0,,0,,2,5,4440,27,36500,0,0,0,5,812,20142,32.2,0,0,,181,5,5,0,5,,19,,0,6,7,8,15,0,12,22,7,12,0,0,0,2,100,12.5,0,0,36500,9747,29700,0,,,,,,,,,,,,,,N,,,,,,,,,,,,,,,Cash,N,,,,,,
68506789,,12000,12000,12000, 60 months,9.8,253.79,B,B3,Teacher,10+ years,MORTGAGE,65000,Not Verified,15-Dec,Fully Paid,n,https://lendingclub.com/browse/loanDetail.action?loan_id=68506789,,debt_consolidation,Debt consolidation,660xx,KS,23.84,0,3-Nov,785,789,0,,,18,0,9786,13.4,37,w,0,0,13842.62641,13842.63,12000,1842.63,0,0,0,17-Nov,8529.37,,17-Nov,819,815,0,,1,Individual,,,,0,0,181540,2,6,2,3,1,65001,61,1,5,7909,42,73200,0,0,0,8,10086,41055,17.1,0,0,127,145,4,1,2,4,,14,,0,2,4,5,10,13,11,22,4,18,0,0,0,3,100,0,0,0,291626,74787,49500,105910,,,,,,,,,,,,,,N,,,,,,,,,,,,,,,Cash,N,,,,,,
68506793,,4000,4000,4000, 36 months,9.17,127.52,B,B2,Store Manager,2 years,RENT,44500,Verified,15-Dec,Fully Paid,n,https://lendingclub.com/browse/loanDetail.action?loan_id=68506793,,debt_consolidation,Debt consolidation,681xx,NE,15.83,0,3-Sep,670,674,0,,22,4,1,502,4.2,24,w,0,0,4399.02307,4399.02,4000,399.02,0,0,0,17-May,2491.31,,19-Jan,684,680,0,,1,Individual,,,,0,0,7980,1,2,1,1,5,7478,36,1,2,502,24,12000,0,1,1,3,1995,11498,4.2,0,0,147,142,9,5,3,9,,9,,0,1,1,2,5,11,2,10,1,4,0,0,0,2,100,0,1,0,33017,7980,12000,21017,,,,,,,,,,,,,,N,,,,,,,,,,,,,,,Cash,N,,,,,,
68496036,,10500,10500,10500, 36 months,15.77,367.96,D,D1,Software Engineer,3 years,RENT,70100,Source Verified,15-Dec,Fully Paid,n,https://lendingclub.com/browse/loanDetail.action?loan_id=68496036,,credit_card,Credit card refinancing,661xx,KS,8.51,0,8-Aug,660,664,0,35,,5,0,8280,77.4,10,w,0,0,13048.51685,13048.52,10500,2548.52,0,0,0,18-May,3036.6,,18-May,674,670,0,35,1,Individual,,,,0,0,26327,1,1,1,1,9,18047,84,2,2,5706,82,10700,2,0,6,3,5265,2420,77.4,0,0,9,88,6,6,0,6,35,4,35,2,3,3,4,7,1,4,9,3,5,0,0,0,3,80,50,0,0,32280,26327,10700,21580,,,,,,,,,,,,,,N,,,,,,,,,,,,,,,Cash,N,,,,,,
68516507,,14000,14000,14000, 36 months,9.8,450.43,B,B3,Master mechanic,4 years,MORTGAGE,100000,Not Verified,15-Dec,Fully Paid,n,https://lendingclub.com/browse/loanDetail.action?loan_id=68516507,,medical,Medical expenses,439xx,OH,15.97,0,Dec-97,685,689,0,,,7,0,34250,36.1,14,f,0,0,16205.36779,16205.37,14000,2205.37,0,0,0,19-Jan,450.79,,19-Jan,709,705,0,,1,Individual,,,,0,6594,451137,0,2,2,2,7,49789,89,0,0,11535,69,84500,0,1,1,3,64448,22057,36.1,0,0,134,216,54,7,2,54,,7,,0,2,3,2,3,6,3,6,3,7,0,0,0,2,100,0,0,0,531602,84039,34500,55842,,,,,,,,,,,,,,N,,,,,,,,,,,,,,,Cash,N,,,,,,
68377006,,6000,6000,6000, 36 months,7.91,187.77,A,A5,Road driver,10+ years,MORTGAGE,105000,Not Verified,15-Dec,Fully Paid,n,https://lendingclub.com/browse/loanDetail.action?loan_id=68377006,,car,Car financing,431xx,OH,14.45,0,6-May,685,689,1,,16,9,3,8353,65.3,11,w,0,0,6753.096795,6753.1,6000,753.1,0,0,0,19-Jan,187.74,,19-Feb,649,645,0,,1,Individual,,,,0,0,182893,0,3,0,1,19,32262,60,0,2,1503,61,12800,3,0,1,3,20321,2953,51.6,0,0,103,115,19,19,1,83,,6,,0,3,5,3,3,5,5,5,5,9,0,0,0,0,100,0,0,3,225933,40615,6100,54068,,,,,,,,,,,,,,N,,,,,,,,,,,,,,,Cash,N,,,,,,
68436917,,16000,16000,16000, 60 months,12.88,363.07,C,C2,Unix System Administrator,10+ years,OWN,90000,Not Verified,15-Dec,Current,n,https://lendingclub.com/browse/loanDetail.action?loan_id=68436917,,home_improvement,Home improvement,064xx,CT,6.39,0,Jan-96,700,704,0,26,,8,0,11594,43.9,17,w,7080.7,7080.7,13768.04,13768.04,8919.3,4848.74,0,0,0,19-Feb,363.07,19-Apr,19-Mar,689,685,0,,1,Individual,,,,0,0,224292,0,0,0,0,79,0,,1,3,3955,44,26400,0,0,0,3,28037,6087,62.7,0,0,239,115,7,7,5,7,26,,26,0,4,5,4,4,4,7,8,5,8,0,0,0,1,86.7,25,0,0,263351,11594,16300,0,,,,,,,,,,,,,,N,,,,,,,,,,,,,,,Cash,N,,,,,,
68416935,,15000,15000,15000, 36 months,9.8,482.61,B,B3,Electronic Branch Manager,3 years,MORTGAGE,92000,Not Verified,15-Dec,Fully Paid,n,https://lendingclub.com/browse/loanDetail.action?loan_id=68416935,,debt_consolidation,Debt consolidation,973xx,OR,13.89,0,1-Nov,680,684,1,,67,7,2,12703,35.2,31,w,0,0,15415.46,15415.46,15000,415.46,0,0,0,16-Apr,14450.25,,17-Sep,724,720,0,,1,Individual,,,,0,0,312996,0,2,2,2,8,40694,70,1,1,7045,42,36100,0,3,2,5,44714,23397,35.2,0,0,159,169,12,8,6,12,,4,,0,3,3,4,9,15,4,10,3,7,0,0,0,4,100,0,1,0,347470,53397,36100,47370,,,,,,,,,,,,,,N,,,,,,,,,,,,,,,Cash,N,,,,,,
68606528,,12000,12000,12000, 36 months,9.17,382.55,B,B2,Registered Veterinary Technitian ,4 years,MORTGAGE,39400,Not Verified,15-Dec,Fully Paid,n,https://lendingclub.com/browse/loanDetail.action?loan_id=68606528,,debt_consolidation,Debt consolidation,958xx,CA,26.32,0,6-Sep,705,709,1,68,,18,0,10495,34.6,25,w,0,0,13277.56617,13277.57,12000,1277.57,0,0,0,17-Jun,7172.05,,19-Mar,794,790,0,,1,Individual,,,,0,0,153211,0,2,0,1,18,21661,68,1,2,2688,52,30300,0,0,3,3,10214,8209,49.6,0,0,110,111,12,12,2,40,,3,68,0,4,5,5,6,4,15,19,6,18,0,0,0,1,96,40,0,0,191950,32156,16300,32022,,,,,,,,,,,,,,N,,,,,,,,,,,,,,,Cash,N,,,,,,
68446820,,10000,10000,10000, 36 months,11.48,329.67,B,B5,Paralegal,2 years,RENT,33000,Not Verified,15-Dec,Fully Paid,n,https://lendingclub.com/browse/loanDetail.action?loan_id=68446820,,debt_consolidation,Debt consolidation,477xx,IN,21.75,0,9-Aug,710,714,0,,12,12,1,8052,35.6,20,w,0,0,11833.28042,11833.28,10000,1833.28,0,0,0,18-Dec,329.46,,19-Mar,704,700,0,,1,Individual,,,,0,0,23197,1,4,0,0,28,15145,56,2,6,2715,47,22600,0,0,1,6,1933,12925,37.9,0,0,52,76,5,5,0,5,,2,,0,6,7,6,10,4,8,16,7,12,0,0,0,2,100,33.3,0,1,49732,23197,20800,27132,,,,,,,,,,,,,,N,,,,,,,,,,,,,,,Cash,N,,,,,,
68356922,,4200,4200,4200, 36 months,13.99,143.53,C,C4,Patrol Officer,2 years,RENT,32000,Source Verified,15-Dec,Fully Paid,n,https://lendingclub.com/browse/loanDetail.action?loan_id=68356922,,other,Other,377xx,TN,31.02,0,9-Nov,705,709,2,50,,10,0,1294,11.7,16,w,0,0,5036.372797,5036.37,4200,836.37,0,0,0,18-Jan,1743.34,,18-Jun,634,630,0,60,1,Individual,,,,0,0,38865,2,6,2,5,1,37571,89,1,2,173,73,11100,3,3,3,7,3887,5422,3.2,0,0,73,72,6,1,0,6,,0,,1,2,4,2,2,8,4,7,4,10,0,0,0,3,87.5,0,0,0,53161,38865,5600,42061,,,,,,,,,,,,,,N,,,,,,,,,,,,,,,Cash,N,,,,,,
68566702,,35000,35000,35000, 60 months,20.5,937.06,E,E4,"Director, Human Resources",8 years,MORTGAGE,120000,Source Verified,15-Dec,Fully Paid,n,https://lendingclub.com/browse/loanDetail.action?loan_id=68566702,,debt_consolidation,Debt consolidation,301xx,GA,35.69,1,Oct-94,700,704,0,3,,25,0,13993,32.2,54,w,0,0,39312.22,39312.22,35000,4312.22,0,0,0,16-Aug,33789.51,,18-May,749,745,0,,1,Individual,,,,0,0,440222,2,9,2,5,3,223030,106,0,2,5063,82,43400,2,0,3,7,20010,11939,33.7,0,0,254,115,17,3,3,17,,6,,0,2,4,5,9,28,13,22,5,25,0,0,0,2,98.1,0,0,0,498200,240034,18000,211420,,,,,,,,,,,,,,N,,,,,,,,,,,,,,,Cash,N,,,,,,
68426668,,5475,5475,5475, 36 months,18.99,200.67,E,E1,Captain,10+ years,MORTGAGE,108000,Verified,15-Dec,Charged Off,n,https://lendingclub.com/browse/loanDetail.action?loan_id=68426668,,debt_consolidation,Debt consolidation,349xx,FL,33.47,4,Dec-99,670,674,2,15,,11,0,3045,41,27,w,0,0,4302.4,4302.4,2504.6,1393.48,0,404.32,72.7776,17-Nov,47.01,,19-Mar,649,645,0,35,1,Individual,,,,0,95,316524,4,4,2,3,1,118276,88,3,3,1086,41,7450,1,0,7,7,28774,1063,62,0,0,143,192,4,1,2,7,20,0,20,0,4,6,3,5,17,6,8,5,11,,0,0,6,78,75,0,0,337523,121321,4250,134612,,,,,,,,,,,,,,N,INTEREST ONLY-3 MONTHS DEFERRAL,NATURAL_DISASTER,BROKEN,3,47.01,17-Sep,17-Dec,17-Oct,3,26,Late (16-30 days),,3058.14,61.23,Cash,N,,,,,,
68008783,,16000,16000,16000, 60 months,7.91,323.74,A,A5,Project Supervisor,2 years,MORTGAGE,60000,Not Verified,15-Dec,Current,n,https://lendingclub.com/browse/loanDetail.action?loan_id=68008783,,debt_consolidation,Debt consolidation,323xx,FL,28.58,0,8-Sep,730,734,0,,,19,0,10034,30.3,22,w,6609.31,6609.31,12284.54,12284.54,9390.69,2893.85,0,0,0,19-Feb,323.74,19-Apr,19-Mar,719,715,0,,1,Individual,,,,0,0,88386,1,10,1,1,1,78352,111,0,0,5603,86,33100,0,0,0,1,4652,19471,31.4,0,0,63,87,29,1,0,29,,20,,0,3,5,7,7,12,9,10,5,19,0,0,0,1,100,0,0,0,103434,88386,28400,70334,,,,,,,,,,,,,,N,,,,,,,,,,,,,,,Cash,N,,,,,,
68603265,,6000,6000,6000, 36 months,13.44,203.44,C,C3,machine operation ,3 years,OWN,38700,Source Verified,15-Dec,Fully Paid,n,https://lendingclub.com/browse/loanDetail.action?loan_id=68603265,,debt_consolidation,Debt consolidation,282xx,NC,23.26,0,Nov-94,690,694,1,,,4,0,1960,19.2,10,w,0,0,7282.365623,7282.37,6000,1282.37,0,0,0,18-Jul,1393.81,,18-Aug,639,635,0,,1,Individual,,,,0,133,38464,1,2,1,3,3,36504,91,0,1,1044,76,10200,8,0,3,4,9616,8240,19.2,0,0,98,253,15,3,0,15,,3,,0,2,2,2,2,7,2,3,2,4,0,0,0,1,100,0,0,0,50486,38464,10200,40286,,,,,,,,,,,,,,N,,,,,,,,,,,,,,,Cash,N,,,,,,
68546562,,24000,24000,24000, 36 months,9.17,765.1,B,B2,Accounting Manager,10+ years,MORTGAGE,75000,Source Verified,15-Dec,Fully Paid,n,https://lendingclub.com/browse/loanDetail.action?loan_id=68546562,,debt_consolidation,Debt consolidation,029xx,RI,10.11,0,May-85,660,664,3,,47,14,1,11763,39.5,25,w,0,0,27505.01194,27505.01,24000,3505.01,0,0,0,19-Jan,732.08,,19-Jan,704,700,0,,1,Individual,,,,0,0,20031,2,1,0,1,16,8268,64,2,5,5200,47,29800,1,0,3,6,1541,9037,55,0,0,136,367,1,1,3,14,,1,,0,4,5,5,11,3,13,19,5,13,0,0,0,2,100,40,1,0,42800,20031,20100,13000,,,,,,,,,,,,,,N,,,,,,,,,,,,,,,Cash,N,,,,,,
68387003,,10000,10000,10000, 36 months,12.88,336.37,C,C2,Truck Driver,< 1 year,RENT,60000,Verified,15-Dec,Fully Paid,n,https://lendingclub.com/browse/loanDetail.action?loan_id=68387003,,debt_consolidation,Debt consolidation,986xx,WA,3.3,0,2-Sep,715,719,0,,,5,0,6727,64.1,42,w,0,0,10665.53,10665.53,10000,665.53,0,0,0,16-Jul,9001.57,,17-Jun,759,755,0,,1,Individual,,,,0,0,6727,1,0,2,2,9,0,,5,9,5756,64,10500,1,0,3,12,1682,2773,70.8,0,0,159,132,1,1,2,1,,7,,0,2,2,4,23,4,5,36,3,5,0,0,0,7,100,33.3,0,0,10500,6727,9500,0,,,,,,,,,,,,,,N,,,,,,,,,,,,,,,Cash,N,,,,,,
68453388,,6900,6900,6900, 36 months,19.89,256.05,E,E3,Teacher,10+ years,RENT,80000,Source Verified,15-Dec,Fully Paid,n,https://lendingclub.com/browse/loanDetail.action?loan_id=68453388,,debt_consolidation,Debt consolidation,112xx,NY,9.57,0,5-Jun,665,669,3,38,,10,0,4091,35.9,16,w,0,0,8990.022858,8990.02,6900,2090.02,0,0,0,18-Mar,2607.83,,19-Mar,664,660,0,38,1,Individual,,,,0,0,4091,3,0,0,0,46,0,,7,8,1179,36,11400,0,0,3,8,409,3408,31.8,0,0,81,126,1,1,0,1,,1,,1,3,8,4,5,3,10,13,8,10,0,0,0,7,87.5,25,0,0,11400,4091,5000,0,,,,,,,,,,,,,,N,,,,,,,,,,,,,,,Cash,N,,,,,,
68436772,,22400,22400,22400, 60 months,9.8,473.74,B,B3,CNC Machinist,10+ years,MORTGAGE,48000,Not Verified,15-Dec,Current,n,https://lendingclub.com/browse/loanDetail.action?loan_id=68436772,,credit_card,Credit card refinancing,245xx,VA,28.48,0,4-Oct,705,709,0,,,9,0,24298,55.7,18,w,9503.79,9503.79,18014.31,18014.31,12896.21,5118.1,0,0,0,19-Mar,473.74,19-Apr,19-Mar,729,725,0,,1,Individual,,,,0,0,35168,0,2,0,0,56,10870,32,1,2,7041,45,43600,0,2,0,2,3908,19302,55.7,0,0,99,134,8,8,2,8,,23,,0,6,6,7,11,3,7,13,6,9,0,0,0,1,100,57.1,0,0,77566,35168,43600,33966,,,,,,,,,,,,,,N,,,,,,,,,,,,,,,Cash,N,,,,,,
68356797,,15975,15975,15975, 36 months,16.59,566.3,D,D2,Director,4 years,MORTGAGE,58800,Not Verified,15-Dec,Fully Paid,n,https://lendingclub.com/browse/loanDetail.action?loan_id=68356797,,debt_consolidation,Debt consolidation,910xx,CA,20.45,0,Jun-99,665,669,1,29,,11,0,9196,71.8,23,w,0,0,16765.51,16765.51,15975,790.51,0,0,0,16-Apr,15662.52,,16-Dec,694,690,0,55,1,Individual,,,,0,0,10916,1,1,0,2,13,1720,34,2,2,2417,61,12800,2,0,2,4,1092,1388,83.7,0,0,125,198,1,1,1,1,30,0,29,1,6,9,6,9,4,10,17,9,11,0,0,0,2,59.1,66.7,0,0,17800,10916,8500,5000,,,,,,,,,,,,,,N,,,,,,,,,,,,,,,Cash,N,,,,,,
67799534,,21600,21600,21600, 36 months,13.44,732.38,C,C3,machines,9 years,MORTGAGE,54000,Verified,15-Dec,Fully Paid,n,https://lendingclub.com/browse/loanDetail.action?loan_id=67799534,,debt_consolidation,Debt consolidation,544xx,WI,17.64,0,1-Jun,690,694,1,,,9,0,26438,60.8,30,w,0,0,26325.16251,26325.16,21600,4725.16,0,0,0,19-Jan,732.18,,18-Dec,734,730,0,,1,Individual,,,,0,0,143634,0,1,0,1,13,23747,85,1,1,10748,70,43500,1,0,1,2,17954,14061,58.6,0,0,125,174,7,7,6,85,,1,,0,4,5,4,11,4,7,20,5,9,0,0,0,1,100,50,0,0,170474,50185,34000,27974,,,,,,,,,,,,,,N,,,,,,,,,,,,,,,Cash,N,,,,,,
68366973,,24000,24000,24000, 60 months,13.99,558.32,C,C4,Pastor,8 years,RENT,82193,Not Verified,15-Dec,Current,n,https://lendingclub.com/browse/loanDetail.action?loan_id=68366973,,credit_card,Credit card refinancing,461xx,IN,29.92,0,Aug-99,695,699,0,,,15,0,14714,48.2,34,w,10781,10781,21169.53,21169.53,13219,7950.53,0,0,0,19-Feb,558.32,19-Apr,19-Mar,644,640,0,,1,Individual,,,,0,599,90362,0,2,1,2,9,75648,80,0,1,6127,68,30500,1,0,4,3,6024,5729,68.2,0,0,196,123,23,9,0,35,,9,,0,5,8,7,11,16,12,18,8,15,0,0,0,1,100,57.1,0,0,143088,90362,18000,112588,,,,,,,,,,,,,,N,,,,,,,,,,,,,,,Cash,N,,,,,,
68376942,,14400,14400,14400, 60 months,19.48,377.36,E,E2,GS12,3 years,RENT,73320,Source Verified,15-Dec,Charged Off,n,https://lendingclub.com/browse/loanDetail.action?loan_id=68376942,,debt_consolidation,Debt consolidation,136xx,NY,17.02,0,6-Nov,660,664,0,,,9,0,12105,96.8,19,w,0,0,2525.45,2525.45,588.54,881.94,0,1054.97,189.8946,16-May,377.36,,18-Jul,569,565,0,,1,Individual,,,,0,67,42894,2,2,1,3,5,30789,96,2,3,2106,96,12500,0,0,0,6,4766,0,101.7,0,0,101,109,4,4,0,28,,15,,0,3,6,3,4,9,7,10,6,9,0,0,0,3,100,100,0,0,44621,42894,5700,32121,,,,,,,,,,,,,,N,,,,,,,,,,,,,,,Cash,N,,,,,,
68339735,,8000,8000,8000, 36 months,13.99,273.39,C,C4,District Manager,< 1 year,RENT,42000,Not Verified,15-Dec,Fully Paid,n,https://lendingclub.com/browse/loanDetail.action?loan_id=68339735,,other,,973xx,OR,23.26,0,6-May,705,709,1,,,8,0,4414,40.5,10,w,0,0,9835.590735,9835.59,8000,1835.59,0,0,0,19-Jan,273.24,,19-Jan,724,720,0,,1,Individual,,,,0,0,40965,3,2,1,2,6,36551,92,3,6,1721,81,10900,0,1,3,8,5121,5220,38.6,0,0,14,115,5,5,0,5,,5,,0,3,4,4,5,2,6,8,4,8,0,0,0,4,100,25,0,0,50625,40965,8500,39725,,,,,,,,,,,,,,N,,,,,,,,,,,,,,,Cash,N,,,,,,
67355663,,7000,7000,7000, 36 months,13.99,239.21,C,C4,Outside Account Manager,2 years,RENT,83000,Source Verified,15-Dec,Fully Paid,n,https://lendingclub.com/browse/loanDetail.action?loan_id=67355663,,debt_consolidation,Debt consolidation,197xx,DE,21.96,0,2-Nov,680,684,0,,,11,0,17866,83.1,28,w,0,0,8542.44206,8542.44,7000,1542.44,0,0,0,18-Jun,1858.16,,19-Feb,729,725,0,,1,Individual,,,,0,0,77240,0,4,2,2,8,59374,87,2,3,5904,85,21500,1,3,5,5,7022,763,95.2,0,0,157,107,12,8,0,21,,9,,0,4,6,4,13,12,7,16,6,11,0,0,0,4,100,100,0,0,87124,77240,15800,65624,,,,,,,,,,,,,,N,,,,,,,,,,,,,,,Cash,N,,,,,,
68407187,,20000,20000,20000, 36 months,10.78,652.7,B,B4,Driver,< 1 year,OWN,55000,Not Verified,15-Dec,Fully Paid,n,https://lendingclub.com/browse/loanDetail.action?loan_id=68407187,,debt_consolidation,Debt consolidation,355xx,AL,36.94,0,3-Nov,740,744,1,,12,18,1,24365,43,32,w,0,0,23390.24025,23390.24,20000,3390.24,0,0,0,18-Dec,503.38,,19-Mar,804,800,0,,1,Individual,,,,0,0,60903,3,3,1,1,2,36538,59,2,5,6383,51,56700,1,2,2,6,3384,23691,49.5,0,0,140,145,2,2,0,2,,2,,0,8,10,9,10,12,15,20,10,18,0,0,0,3,100,11.1,0,1,118711,60903,46900,62011,,,,,,,,,,,,,,N,,,,,,,,,,,,,,,Cash,N,,,,,,
68476511,,25825,25825,25825, 60 months,26.06,774.14,F,F5,Claims Rep ,6 years,RENT,68000,Verified,15-Dec,Charged Off,n,https://lendingclub.com/browse/loanDetail.action?loan_id=68476511,,debt_consolidation,Debt consolidation,207xx,MD,31.68,0,2-Jan,675,679,1,73,,18,0,20769,69.7,33,w,0,0,3940.5,3940.5,881.43,2146.66,0,912.41,164.2338,16-Jun,25,,17-Oct,679,675,0,,1,Individual,,,,0,0,72831,2,4,2,6,3,52062,87,1,2,2739,77,29800,1,7,1,9,4855,1661,62.2,0,0,116,167,1,1,0,1,,1,,0,1,3,3,5,14,13,18,4,18,0,0,0,4,97,33.3,0,0,94599,72831,4400,59915,,,,,,,,,,,,,,N,,,,,,,,,,,,,,,Cash,N,,,,,,
68366965,,24575,24575,24575, 60 months,22.45,685.04,F,F1,Service Delivery Manager,10+ years,MORTGAGE,92000,Verified,15-Dec,Fully Paid,n,https://lendingclub.com/browse/loanDetail.action?loan_id=68366965,,debt_consolidation,Debt consolidation,448xx,OH,24.16,0,Nov-96,725,729,0,,,8,0,25225,79.3,27,w,0,0,35351.17383,35351.17,24575,10776.17,0,0,0,18-Apr,17616.76,,18-Apr,704,700,0,,1,Individual,,,,0,0,103632,2,3,2,3,2,55161,92,0,2,11308,88,31800,3,0,5,5,12954,2292,88.8,0,0,229,197,18,2,3,18,,3,,0,2,3,2,9,10,4,14,3,8,0,0,0,2,100,100,0,0,149185,80386,20400,59885,,,,,,,,,,,,,,N,,,,,,,,,,,,,,,Cash,N,,,,,,
67267171,,3200,3200,3200, 36 months,8.49,101.01,B,B1,Custodian,10+ years,RENT,30407,Not Verified,15-Dec,Fully Paid,n,https://lendingclub.com/browse/loanDetail.action?loan_id=67267171,,medical,Medical expenses,550xx,MN,20.61,0,Feb-00,710,714,0,36,,5,0,1061,30.3,13,w,0,0,3601.086338,3601.09,3200,401.09,0,0,0,18-Mar,983.41,,18-Apr,699,695,0,,1,Individual,,,,0,0,7804,0,2,0,1,21,6743,67,1,1,214,57,3500,0,0,1,2,1561,1286,14.3,0,0,66,190,7,7,0,62,36,7,36,0,1,2,2,6,6,3,7,2,4,0,0,0,1,92.3,0,0,0,13587,7804,1500,10087,,,,,,,,,,,,,,N,,,,,,,,,,,,,,,Cash,N,,,,,,
68406292,,22875,22875,22875, 60 months,15.77,553.49,D,D1,Athletic Director,10+ years,MORTGAGE,137000,Not Verified,15-Dec,Fully Paid,n,https://lendingclub.com/browse/loanDetail.action?loan_id=68406292,,debt_consolidation,Debt consolidation,913xx,CA,32.3,0,Jan-57,700,704,0,,,22,0,44174,45.8,62,w,0,0,30754.3087,30754.31,22875,7879.31,0,0,0,18-Oct,13092.73,,19-Mar,794,790,0,,1,Individual,,,,0,0,883789,2,4,2,3,7,208715,80,5,7,11599,55,96500,1,0,5,13,40172,32399,51.6,0,0,138,707,4,4,5,4,,5,,0,10,13,10,13,28,17,29,13,22,0,0,0,9,100,30,0,0,952233,252889,66900,221831,,,,,,,,,,,,,,N,,,,,,,,,,,,,,,Cash,N,,,,,,
68616867,,16000,16000,16000, 60 months,14.85,379.39,C,C5,Billing Supervisor,10+ years,MORTGAGE,80000,Not Verified,15-Dec,Current,n,https://lendingclub.com/browse/loanDetail.action?loan_id=68616867,,debt_consolidation,Debt consolidation,774xx,TX,19.59,0,5-Jun,700,704,0,,,14,0,11113,83.6,26,w,7862.05,7862.05,13968.45,13968.45,8137.95,5830.5,0,0,0,19-Mar,379.39,19-Apr,19-Mar,714,710,0,,1,Individual,,,,0,0,169184,3,7,4,7,3,52879,82,0,1,2401,82,13300,0,5,0,8,12085,1800,77.5,0,0,73,94,15,3,2,15,,,,0,4,5,4,4,17,6,7,5,14,0,0,0,4,100,75,0,0,197904,63992,8000,64904,,,,,,,,,,,,,,N,INTEREST ONLY-3 MONTHS DEFERRAL,NATURAL_DISASTER,COMPLETED,3,147.47,17-Sep,17-Nov,17-Sep,3,0,Current,442.41,12014.81,6.27,Cash,N,,,,,,
68547447,,35000,35000,35000, 36 months,13.44,1186.72,C,C3,Account executive,< 1 year,MORTGAGE,125000,Source Verified,15-Dec,Fully Paid,n,https://lendingclub.com/browse/loanDetail.action?loan_id=68547447,,debt_consolidation,Debt consolidation,551xx,MN,24.19,0,6-Jun,710,714,0,,,15,0,47300,51.9,26,w,0,0,40803.98159,40803.98,35000,5803.98,0,0,0,17-Jul,20564.41,,17-Jul,819,815,0,,1,Individual,,,,0,0,521496,0,2,1,2,9,70178,76,3,3,24033,60,91100,0,1,2,6,37250,37800,55.6,0,0,91,114,9,9,8,9,,9,,0,3,3,7,8,6,10,12,3,15,0,0,0,5,100,42.9,0,0,594147,117478,85100,80441,,,,,,,,,,,,,,N,,,,,,,,,,,,,,,Cash,N,,,,,,
68547538,,2400,2400,2400, 36 months,17.27,85.89,D,D3,nurse,2 years,MORTGAGE,52000,Verified,15-Dec,Fully Paid,n,https://lendingclub.com/browse/loanDetail.action?loan_id=68547538,,home_improvement,Home improvement,462xx,IN,28.38,1,1-Jul,670,674,1,18,41,16,1,7763,41.5,18,w,0,0,2990.157573,2990.16,2400,590.16,0,0,0,17-Dec,1106.34,,18-Nov,689,685,0,62,1,Individual,,,,0,0,42039,4,4,2,4,3,34276,81,3,5,1309,69,18700,3,0,5,9,2803,6662,43.1,0,0,33,173,1,1,0,3,,3,18,1,7,11,8,8,5,12,12,11,16,0,0,0,5,88.9,28.6,0,1,61191,42039,11700,42491,,,,,,,,,,,,,,N,,,,,,,,,,,,,,,Cash,N,,,,,,
68516545,,25000,25000,25000, 36 months,7.49,777.55,A,A4,,,MORTGAGE,132000,Not Verified,15-Dec,Fully Paid,n,https://lendingclub.com/browse/loanDetail.action?loan_id=68516545,,debt_consolidation,Debt consolidation,498xx,MI,13.83,0,Aug-74,745,749,1,,,14,0,33231,48,32,w,0,0,27965.41357,27965.41,25000,2965.41,0,0,0,19-Jan,777.17,,18-Dec,734,730,0,,1,Individual,,,,0,0,78666,1,3,3,4,1,17405,58,0,2,12966,51,69200,4,13,4,6,5619,22487,53.2,0,0,77,496,19,1,3,19,,1,,0,1,3,4,10,11,9,17,4,14,0,0,0,3,100,50,0,0,137788,50636,48100,30190,,,,,,,,,,,,,,N,,,,,,,,,,,,,,,Cash,N,,,,,,
68426681,,8800,8800,8800, 36 months,12.88,296,C,C2,Desktop Support Anylist,2 years,RENT,55000,Not Verified,15-Dec,Fully Paid,n,https://lendingclub.com/browse/loanDetail.action?loan_id=68426681,,credit_card,Credit card refinancing,010xx,MA,35.52,0,10-Feb,715,719,2,,,20,0,11331,37.5,29,w,0,0,10626.44117,10626.44,8800,1826.44,0,0,0,18-Oct,1170.18,,19-Mar,709,705,0,,1,Individual,,,,0,0,95330,3,15,5,8,3,83999,88,2,3,5496,76,30200,5,0,9,11,4767,11169,50.4,0,0,67,70,6,3,0,24,,2,,0,3,3,4,7,19,5,10,3,20,0,0,0,7,100,0,0,0,126203,95330,22500,96003,,,,,,,,,,,,,,N,,,,,,,,,,,,,,,Cash,N,,,,,,
68446591,,2500,2500,2500, 36 months,11.48,82.42,B,B5,,,RENT,16488,Not Verified,15-Dec,Fully Paid,n,https://lendingclub.com/browse/loanDetail.action?loan_id=68446591,,debt_consolidation,Debt consolidation,064xx,CT,38.06,0,5-Nov,770,774,1,,,12,0,2469,8.2,18,w,0,0,2962.969249,2962.97,2500,462.97,0,0,0,19-Jan,82.26,,19-Mar,684,680,0,,1,Individual,,,,0,0,20449,0,2,1,2,8,17980,85,0,3,2368,40,30100,4,0,9,5,2045,18432,11.4,0,0,121,104,18,8,0,20,,0,,0,1,2,4,6,5,8,11,2,12,0,0,0,1,100,0,0,0,51341,20449,20800,21241,,,,,,,,,,,,,,N,,,,,,,,,,,,,,,Cash,N,,,,,,
68596872,,8000,8000,8000, 36 months,5.32,240.92,A,A1,Sales Person,1 year,RENT,50000,Not Verified,15-Dec,Fully Paid,n,https://lendingclub.com/browse/loanDetail.action?loan_id=68596872,,credit_card,Credit card refinancing,481xx,MI,14.86,1,2-Nov,715,719,0,6,,21,0,6452,35.1,64,w,0,0,8198.14,8198.14,8000,198.14,0,0,0,16-Jul,6999.45,,16-Jul,754,750,0,,1,Individual,,,,0,0,53525,2,12,4,6,3,47073,86,0,1,4265,73,18400,1,1,0,7,2817,6100,51.2,0,0,157,157,15,3,0,15,6,16,6,0,2,2,4,14,36,9,28,3,21,0,0,0,4,96.8,0,0,0,73375,53525,12500,54975,,,,,,,,,,,,,,N,,,,,,,,,,,,,,,Cash,N,,,,,,
68376953,,20000,20000,20000, 36 months,11.99,664.2,C,C1,Professor,10+ years,MORTGAGE,78000,Not Verified,15-Dec,Charged Off,n,https://lendingclub.com/browse/loanDetail.action?loan_id=68376953,,debt_consolidation,Debt consolidation,357xx,AL,27.1,0,Dec-99,705,709,0,,,15,0,40405,48.2,37,w,0,0,17622.83,17622.83,12522.42,3417.2,33.21,1650,297,18-Jun,50,,19-Mar,579,575,0,,1,Individual,,,,0,0,290569,0,1,0,1,21,22086,74,1,3,9404,55,83800,1,6,3,6,19371,29902,56.3,0,0,146,192,12,12,6,12,,0,,0,8,11,8,9,10,12,20,11,15,0,0,0,1,100,50,0,0,346262,62903,68400,30000,,,,,,,,,,,,,,N,,,,,,,,,,,,,,,Cash,Y,18-May,ACTIVE,18-May,3513,45.01,16
68476522,,35000,35000,35000, 60 months,12.88,794.21,C,C2,Cosmetologist Manager,10+ years,MORTGAGE,110000,Source Verified,15-Dec,Charged Off,n,https://lendingclub.com/browse/loanDetail.action?loan_id=68476522,,major_purchase,Major purchase,211xx,MD,13.39,0,Dec-83,695,699,0,31,,19,0,23315,47.2,32,w,0,0,25266.06,25266.06,6770.96,5092.1,0,13403,2412.54,17-Apr,794.21,,18-Oct,624,620,0,,1,Individual,,,,0,1443,318752,1,1,0,0,63,5927,,3,5,3690,47,49400,0,2,0,5,17708,13593,35.6,0,0,100,384,2,2,2,2,,13,,0,6,12,8,12,3,17,27,13,19,0,0,0,3,96.9,0,0,0,405622,29242,21100,41421,,,,,,,,,,,,,,N,,,,,,,,,,,,,,,Cash,Y,18-Nov,COMPLETE,17-Sep,13403,45,18
68537498,,15000,15000,15000, 36 months,7.49,466.53,A,A4,,,MORTGAGE,45000,Verified,15-Dec,Fully Paid,n,https://lendingclub.com/browse/loanDetail.action?loan_id=68537498,,debt_consolidation,Debt consolidation,913xx,CA,10.67,3,Jan-93,710,714,0,12,,10,0,16173,43.5,20,w,0,0,16435.96906,16435.97,15000,1435.97,0,0,0,17-Sep,7587.5,,19-Mar,754,750,0,,1,Individual,,,,0,0,194062,0,0,0,0,275,0,,0,1,4517,44,37200,1,0,1,1,24258,15785,30.5,0,0,275,182,18,18,2,27,12,5,12,0,2,4,5,11,1,9,17,4,10,0,0,0,0,85,0,0,0,226200,16173,22700,0,,,,,,,,,,,,,,N,,,,,,,,,,,,,,,Cash,N,,,,,,
68496996,,16000,16000,16000, 36 months,15.77,560.7,D,D1,President,1 year,MORTGAGE,70000,Not Verified,15-Dec,Charged Off,n,https://lendingclub.com/browse/loanDetail.action?loan_id=68496996,,debt_consolidation,Debt consolidation,088xx,NJ,8.78,0,4-Mar,705,709,1,,,7,0,15986,76.1,25,w,0,0,19028.76,19028.76,14888.33,4140.43,0,0,0,18-Nov,560.7,,19-Mar,544,540,0,,1,Individual,,,,0,0,178477,1,1,1,1,11,15051,88,2,4,6822,82,21000,0,0,2,5,25497,4714,77.2,0,0,122,141,4,4,1,4,,4,,0,4,4,4,13,2,5,21,4,7,0,0,0,3,100,75,0,0,195530,31037,20700,17030,,,,,,,,,,,,,,N,,,,,,,,,,,,,,,Cash,N,,,,,,
68375899,,10800,10800,10800, 60 months,13.99,251.25,C,C4,Medical Support Assistant,3 years,RENT,40000,Source Verified,15-Dec,Fully Paid,n,https://lendingclub.com/browse/loanDetail.action?loan_id=68375899,,debt_consolidation,Debt consolidation,334xx,FL,26.13,0,Oct-99,665,669,0,29,76,7,2,8192,71.2,14,w,0,0,12951.64577,12951.65,10800,2151.65,0,0,0,17-Aug,8450.13,,17-Aug,714,710,0,,1,Individual,,,,0,0,25378,0,2,0,2,14,17186,71,0,0,6186,71,11500,1,0,1,2,3625,1749,81.6,0,0,136,72,30,14,0,49,,9,29,0,3,4,4,6,5,5,8,4,7,0,0,0,0,92.9,50,2,0,35584,25378,9500,24084,,,,,,,,,,,,,,N,,,,,,,,,,,,,,,Cash,N,,,,,,
68433333,,7500,7500,7500, 36 months,17.97,271.04,D,D4,Owner/Operator,10+ years,OWN,15000,Source Verified,15-Dec,Fully Paid,n,https://lendingclub.com/browse/loanDetail.action?loan_id=68433333,,debt_consolidation,Debt consolidation,327xx,FL,37.2,0,Aug-98,685,689,0,,84,8,1,7933,66.7,14,w,0,0,8219.46,8219.46,7500,719.46,0,0,0,16-Aug,6611.94,,16-Jul,679,675,0,,1,Individual,,,,0,0,15043,0,1,0,0,32,7110,55,1,1,2891,61,11900,0,1,1,1,2149,239,95.4,0,0,94,208,8,8,0,28,,11,,0,3,6,3,6,2,6,11,6,8,0,0,0,1,100,66.7,1,0,24826,15043,5200,12926,,,,,,,,,,,,,,N,,,,,,,,,,,,,,,Cash,N,,,,,,
68376899,,16000,16000,16000, 36 months,10.78,522.16,B,B4,Bartender,5 years,RENT,63000,Not Verified,15-Dec,Charged Off,n,https://lendingclub.com/browse/loanDetail.action?loan_id=68376899,,debt_consolidation,Debt consolidation,111xx,NY,35.19,0,6-Dec,670,674,1,,,12,0,20672,46,22,w,0,0,4387.31,4387.31,2322.17,786.83,0,1278.31,230.0958,16-Jul,522.16,,18-Oct,594,590,0,,1,Individual,,,,0,0,68741,1,3,3,4,1,47691,90,0,0,7630,66,44900,1,0,3,4,5728,18097,53.2,0,0,101,108,31,1,0,42,,4,,0,5,5,6,10,7,8,14,6,12,0,0,0,3,100,50,0,0,103887,68741,38700,53271,,,,,,,,,,,,,,N,,,,,,,,,,,,,,,Cash,N,,,,,,
68416736,,9000,9000,9000, 36 months,5.32,271.04,A,A1,Accounting senior,10+ years,MORTGAGE,49000,Not Verified,15-Dec,Fully Paid,n,https://lendingclub.com/browse/loanDetail.action?loan_id=68416736,,credit_card,Credit card refinancing,926xx,CA,21.63,0,Nov-91,755,759,0,32,,18,0,8775,11.7,29,w,0,0,9381.76,9381.76,9000,381.76,0,0,0,16-Dec,6678.01,,17-Jan,759,755,0,,1,Individual,,,,0,0,51250,0,1,0,0,141,42475,,2,4,3402,12,75100,0,0,0,4,2847,38057,17.1,0,0,148,289,8,8,0,8,32,16,32,0,6,11,7,11,2,17,27,11,18,0,0,0,2,96.4,0,0,0,129026,51250,45900,53926,,,,,,,,,,,,,,N,,,,,,,,,,,,,,,Cash,N,,,,,,
68339774,,9500,9500,9500, 36 months,15.77,332.92,D,D1,maintenance ,10+ years,RENT,28000,Not Verified,15-Dec,Fully Paid,n,https://lendingclub.com/browse/loanDetail.action?loan_id=68339774,,other,,480xx,MI,27.95,0,6-Apr,695,699,0,,,7,0,1844,55.9,14,w,0,0,10350.38,10350.38,9500,850.38,0,0,0,16-Aug,8373.67,,18-Mar,779,775,0,,1,Individual,,,,0,0,14767,2,3,1,3,6,12923,62,2,3,791,61,3300,0,4,4,6,2110,459,69.4,0,0,116,94,6,6,0,6,,6,,0,2,3,2,4,8,4,6,3,7,0,0,0,3,100,50,0,0,24105,14767,1500,20805,,,,,,,,,,,,,,N,,,,,,,,,,,,,,,Cash,N,,,,,,
68376501,,10000,10000,10000, 36 months,7.91,312.95,A,A5,Medical Coder/biller,2 years,OWN,25000,Not Verified,15-Dec,Charged Off,n,https://lendingclub.com/browse/loanDetail.action?loan_id=68376501,,debt_consolidation,Debt consolidation,913xx,CA,29.91,0,8-Oct,740,744,0,,,16,0,9053,22.9,30,w,0,0,8334.56,8334.56,4731.82,873.74,0,2729,491.22,17-Jun,350,,19-Mar,659,655,0,,1,Individual,,,,0,0,22263,1,3,1,1,9,13210,91,2,5,2923,41,39500,1,1,2,6,1590,17888,23.6,0,0,53,86,4,4,0,12,,8,,0,4,7,5,11,4,13,26,7,16,0,0,0,3,100,0,0,0,54000,22263,23400,14500,,,,,,,,,,,,,,N,,,,,,,,,,,,,,,Cash,Y,18-Jul,COMPLETE,17-Nov,2729,50,8
68566760,,6000,6000,6000, 36 months,7.91,187.77,A,A5,Teacher,10+ years,MORTGAGE,49000,Not Verified,15-Dec,Fully Paid,n,https://lendingclub.com/browse/loanDetail.action?loan_id=68566760,,debt_consolidation,Debt consolidation,805xx,CO,17.92,0,4-Nov,795,799,0,,,10,0,2212,4.4,16,w,0,0,6463.981301,6463.98,6000,463.98,0,0,0,17-Mar,4025.61,,18-Nov,794,790,0,,1,Individual,,,,0,0,274367,2,2,0,1,23,15756,45,2,5,1600,21,50500,0,0,0,6,27437,19900,7.4,0,0,114,133,2,2,1,17,,,,0,1,4,4,6,3,7,12,4,10,0,0,0,2,100,0,0,0,371400,17968,21500,34720,,,,,,,,,,,,,,N,,,,,,,,,,,,,,,Cash,N,,,,,,
68487157,,15600,15600,15600, 60 months,13.44,358.48,C,C3,Officer / Sheriff's office,10+ years,MORTGAGE,52000,Not Verified,15-Dec,Fully Paid,n,https://lendingclub.com/browse/loanDetail.action?loan_id=68487157,,major_purchase,Major purchase,138xx,NY,15.37,0,Feb-95,720,724,1,,,6,0,12329,69.3,13,w,0,0,18519.6318,18519.63,15600,2919.63,0,0,0,17-Aug,12096.11,,18-Sep,729,725,0,,1,Individual,,,,0,0,96594,1,1,0,1,24,9480,73,1,1,4132,71,17800,1,1,2,2,16099,168,96.1,0,0,24,250,3,3,3,33,,3,,0,1,3,1,5,1,4,9,3,6,0,0,0,1,100,100,0,0,139800,21809,4300,13000,,,,,,,,,,,,,,N,,,,,,,,,,,,,,,Cash,N,,,,,,
68487073,,35000,35000,35000, 36 months,8.49,1104.71,B,B1,Paralegal,< 1 year,OWN,90000,Source Verified,15-Dec,Fully Paid,n,https://lendingclub.com/browse/loanDetail.action?loan_id=68487073,,debt_consolidation,Debt consolidation,930xx,CA,13.36,0,Oct-91,750,754,0,,,11,0,15448,42.9,26,w,0,0,38047.27824,38047.28,35000,3047.28,0,0,0,17-Mar,22713.41,,18-Apr,799,795,0,,1,Individual,,,,0,0,434242,0,1,0,1,19,25604,74,0,0,8369,58,36000,0,0,3,2,54280,5688,72.4,0,0,92,290,27,7,3,27,,7,,0,2,4,5,8,3,9,20,4,11,0,0,0,1,100,66.7,0,0,466738,41052,20600,34738,,,,,,,,,,,,,,N,,,,,,,,,,,,,,,Cash,N,,,,,,
68132441,,5000,5000,5000, 36 months,11.48,164.84,B,B5,Financial Systems Analyst,9 years,MORTGAGE,78000,Not Verified,15-Dec,Fully Paid,n,https://lendingclub.com/browse/loanDetail.action?loan_id=68132441,,debt_consolidation,Debt consolidation,770xx,TX,21.21,0,Jun-95,700,704,1,,,19,0,34764,54.3,21,w,0,0,5840.2778,5840.28,5000,840.28,0,0,0,18-Feb,1892.09,,19-Mar,744,740,0,,1,Individual,,,,0,0,151774,1,2,1,1,4,33383,76,1,6,10950,63,64000,1,2,3,7,8432,9477,77.3,0,0,156,246,12,4,1,12,,5,,0,6,9,7,7,3,15,16,9,19,0,0,0,2,100,57.1,0,0,197347,70948,41700,43980,,,,,,,,,,,,,,N,,,,,,,,,,,,,,,Cash,N,,,,,,
68356747,,20400,20400,20400, 60 months,18.49,523.48,D,D5,Pilot,2 years,MORTGAGE,75000,Source Verified,15-Dec,Fully Paid,n,https://lendingclub.com/browse/loanDetail.action?loan_id=68356747,,credit_card,Credit card refinancing,725xx,AR,38.65,2,Sep-83,725,729,0,13,,22,0,24345,42.6,49,w,0,0,23166.25,23166.25,20400,2766.25,0,0,0,16-Oct,18930.43,,19-Mar,729,725,0,,1,Individual,,,,0,0,210761,2,3,1,1,7,42009,65,2,5,11037,53,57200,0,8,1,6,11093,21529,46,0,0,147,387,2,2,3,3,21,4,21,0,3,5,10,17,11,17,34,5,22,0,0,0,3,95.9,22.2,0,0,310057,67311,39900,90892,,,,,,,,,,,,,,N,,,,,,,,,,,,,,,Cash,N,,,,,,
68192805,,8000,8000,8000, 36 months,17.97,289.1,D,D4,,,MORTGAGE,33130,Not Verified,15-Dec,Charged Off,n,https://lendingclub.com/browse/loanDetail.action?loan_id=68192805,,debt_consolidation,Debt consolidation,711xx,LA,11.52,1,May-94,665,669,1,16,,18,0,7610,27.4,26,w,0,0,4060.86,4060.86,2207.57,1241.66,0,611.63,110.0934,17-Jan,289.1,,17-Jun,514,510,0,46,1,Individual,,,,0,1082,207921,2,0,0,0,59,0,,4,5,2725,27,27800,1,1,3,5,12995,4275,38.9,0,0,103,259,0,0,1,26,44,0,16,1,1,7,3,6,3,17,22,7,18,0,0,0,4,92.3,0,0,0,249754,7610,7000,0,,,,,,,,,,,,,,N,,,,,,,,,,,,,,,Cash,N,,,,,,
68426783,,16000,16000,16000, 36 months,10.78,522.16,B,B4,Veterinarian,3 years,RENT,87500,Not Verified,15-Dec,Fully Paid,n,https://lendingclub.com/browse/loanDetail.action?loan_id=68426783,,debt_consolidation,Debt consolidation,604xx,IL,13.74,0,8-Jan,695,699,0,,,13,0,21151,83.9,17,w,0,0,18706.17149,18706.17,16000,2706.17,0,0,0,18-Aug,3065.33,,19-Mar,719,715,0,,1,Individual,,,,0,0,31768,0,2,1,2,12,10617,37,1,1,6692,59,25200,1,0,1,3,2647,610,96.7,0,0,43,95,12,12,0,12,,12,,0,6,8,6,8,3,11,14,8,13,0,0,0,2,100,100,0,0,54200,31768,18500,29000,,,,,,,,,,,,,,N,,,,,,,,,,,,,,,Cash,N,,,,,,
68376848,,18000,18000,18000, 36 months,7.91,563.31,A,A5,Mechanic,10+ years,MORTGAGE,80000,Not Verified,15-Dec,Charged Off,n,https://lendingclub.com/browse/loanDetail.action?loan_id=68376848,,debt_consolidation,Debt consolidation,172xx,PA,15.56,0,2-Nov,740,744,0,,,5,0,20724,82.6,6,w,0,0,13499.66,13499.66,11521.3,1978.36,0,0,0,18-Jan,563.31,,19-Mar,514,510,0,,1,Individual,,,,0,70,84064,0,0,0,1,18,12162,68,0,2,12840,76,25100,1,0,0,3,16813,4376,82.6,0,0,18,157,23,18,1,23,,18,,0,3,3,3,3,1,3,4,3,5,0,0,0,0,100,66.7,0,0,125210,32886,25100,17981,,,,,,,,,,,,,,N,,,,,,,,,,,,,,,Cash,N,,,,,,
68537213,,35000,35000,35000, 36 months,9.17,1115.77,B,B2,Director,1 year,RENT,105000,Source Verified,15-Dec,Fully Paid,n,https://lendingclub.com/browse/loanDetail.action?loan_id=68537213,,debt_consolidation,Debt consolidation,322xx,FL,25.07,0,Jun-95,690,694,0,,,11,0,92939,85,26,w,0,0,37242.44,37242.44,35000,2242.44,0,0,0,16-Oct,28360.86,,16-Oct,719,715,0,,1,Individual,,,,0,0,103869,0,1,0,0,29,10930,63,0,1,25471,82,109300,0,0,0,1,10387,15361,85.8,0,0,128,246,17,17,1,17,,17,,0,8,8,8,11,3,10,22,8,11,0,0,0,0,100,75,0,0,126649,103869,108300,17349,,,,,,,,,,,,,,N,,,,,,,,,,,,,,,Cash,N,,,,,,
68393340,,13150,13150,13150, 36 months,5.32,396.01,A,A1,Paraprofessional ,1 year,RENT,40000,Not Verified,15-Dec,Fully Paid,n,https://lendingclub.com/browse/loanDetail.action?loan_id=68393340,,major_purchase,Major purchase,770xx,TX,20.25,0,1-May,765,769,0,,,13,0,11221,20.1,17,w,0,0,14233.38127,14233.38,13150,1083.38,0,0,0,18-Sep,1966.79,,18-Sep,724,720,0,,1,Individual,,,,0,0,29071,1,5,0,1,15,17850,64,1,1,2558,35,55800,0,1,0,2,2236,43081,16.8,0,0,36,175,1,1,0,36,,,,0,6,7,6,9,5,8,12,7,13,0,0,0,1,100,0,0,0,83916,29071,51800,28116,,,,,,,,,,,,,,N,,,,,,,,,,,,,,,Cash,N,,,,,,
68486949,,5600,5600,5600, 36 months,9.17,178.53,B,B2,Business Coordinator III,8 years,RENT,48000,Source Verified,15-Dec,Fully Paid,n,https://lendingclub.com/browse/loanDetail.action?loan_id=68486949,,credit_card,Credit card refinancing,751xx,TX,19.85,0,Jul-95,660,664,0,26,,8,0,12503,64.8,68,w,0,0,6067.393708,6067.39,5600,467.39,0,0,0,17-Feb,3930.74,,19-Mar,694,690,0,,1,Individual,,,,0,0,21160,0,1,0,6,13,8657,72,1,2,8479,68,19300,0,0,0,8,2645,5467,67.1,0,0,122,245,12,12,1,12,26,,26,0,5,6,5,6,59,7,8,6,8,0,0,0,1,95.5,40,0,0,31300,21160,16600,12000,,,,,,,,,,,,,,N,,,,,,,,,,,,,,,Cash,N,,,,,,
68341730,,23000,23000,23000, 36 months,9.8,739.99,B,B3,Feeder Driver,9 years,MORTGAGE,90247,Not Verified,15-Dec,Fully Paid,n,https://lendingclub.com/browse/loanDetail.action?loan_id=68341730,,credit_card,,230xx,VA,17.09,0,May-00,680,684,0,37,,11,0,21039,41.3,25,w,0,0,26429.03644,26429.04,23000,3429.04,0,0,0,18-Apr,7176.79,,19-Mar,714,710,0,,1,Individual,,,,0,0,186007,3,1,1,2,7,21499,86,4,4,9895,56,51000,0,0,2,6,16910,344,97.7,0,0,124,187,5,5,2,5,37,5,37,0,3,6,3,9,8,9,15,6,11,0,0,0,5,84,100,0,0,234163,42538,14800,25000,,,,,,,,,,,,,,N,,,,,,,,,,,,,,,Cash,N,,,,,,
66405419,,12600,12600,12600, 60 months,14.85,298.77,C,C5,VP of Operations,1 year,MORTGAGE,175000,Not Verified,15-Dec,Fully Paid,n,https://lendingclub.com/browse/loanDetail.action?loan_id=66405419,,credit_card,Debt consolidation,206xx,MD,11.75,0,Aug-89,690,694,0,,81,14,1,16659,47.5,25,w,0,0,13031.39,13031.39,12600,431.39,0,0,0,16-Mar,12758.61,,17-Sep,684,680,0,,1,Individual,,,,0,0,112859,2,4,2,4,6,96200,85,2,4,4651,76,35100,0,0,0,8,8061,12941,56.3,0,0,89,316,2,2,4,2,,23,,0,6,6,7,7,6,10,15,6,14,0,0,0,4,100,42.9,1,0,148478,112859,29600,113378,,,,,,,,,,,,,,N,,,,,,,,,,,,,,,Cash,N,,,,,,
68407153,,11000,11000,11000, 36 months,16.59,389.94,D,D2,Teacher,8 years,MORTGAGE,55000,Source Verified,15-Dec,Fully Paid,n,https://lendingclub.com/browse/loanDetail.action?loan_id=68407153,,debt_consolidation,Debt consolidation,606xx,IL,16.85,0,Oct-00,735,739,0,,,6,0,5739,61.1,14,w,0,0,13579.46388,13579.46,11000,2579.46,0,0,0,17-Dec,4826.13,,19-Mar,704,700,0,,1,Individual,,,,0,0,260988,2,2,2,2,4,46985,99,0,1,5035,91,9400,1,1,6,4,43498,3661,61.1,0,0,51,182,15,4,3,15,,4,,0,2,2,2,5,4,2,6,2,6,0,0,0,2,100,50,0,0,271533,52824,9400,47275,,,,,,,,,,,,,,N,,,,,,,,,,,,,,,Cash,N,,,,,,
67889874,,4000,4000,4000, 36 months,11.99,132.84,C,C1,Secreatary 1,3 years,RENT,41501,Source Verified,15-Dec,Fully Paid,n,https://lendingclub.com/browse/loanDetail.action?loan_id=67889874,,debt_consolidation,Debt consolidation,113xx,NY,12.9,0,5-Nov,685,689,0,,,8,0,8485,36.3,12,w,0,0,4742.999583,4743,4000,743,0,0,0,18-Jun,1030.14,,19-Mar,694,690,0,,1,Individual,,,,0,972,82347,3,2,0,0,121,73862,126,4,5,2799,82,23400,0,0,0,5,10293,14592,34.9,0,0,121,32,1,1,0,2,,15,,0,5,6,5,5,6,6,6,6,8,0,0,0,4,100,0,0,0,83833,82347,22400,60433,,,,,,,,,,,,,,N,,,,,,,,,,,,,,,Cash,N,,,,,,
68341663,,20000,20000,20000, 60 months,13.44,459.58,C,C3,Administrative Manager ,9 years,MORTGAGE,75000,Not Verified,15-Dec,Current,n,https://lendingclub.com/browse/loanDetail.action?loan_id=68341663,,debt_consolidation,,596xx,MT,20.67,0,4-Feb,715,719,1,,,16,0,18818,48.8,54,w,8917.39,8917.39,17426.71,17426.71,11082.61,6344.1,0,0,0,19-Feb,459.58,19-Apr,19-Mar,729,725,0,,1,Joint App,100000,16.4,Not Verified,0,0,300744,2,3,1,1,10,99376,67,3,4,6713,59,38600,1,7,3,5,18797,973,94.2,0,0,134,142,0,0,1,12,,0,,0,3,5,3,6,31,12,22,7,16,0,0,0,4,100,100,0,0,355426,118194,16700,115296,,,,,,,,,,,,,,N,,,,,,,,,,,,,,,Cash,N,,,,,,
68547380,,20000,20000,20000, 36 months,11.48,659.33,B,B5,General Manager,5 years,RENT,60000,Not Verified,15-Dec,Fully Paid,n,https://lendingclub.com/browse/loanDetail.action?loan_id=68547380,,debt_consolidation,Debt consolidation,234xx,VA,22.62,0,Dec-00,685,689,2,,,10,0,29929,61.5,20,w,0,0,23657.70147,23657.7,20000,3657.7,0,0,0,18-Sep,3250.36,,19-Mar,689,685,0,,1,Individual,,,,0,0,39394,1,1,0,1,17,9465,63,2,2,13008,62,48700,0,0,3,3,3939,14271,67.7,0,0,17,180,4,4,0,4,,4,,0,5,5,7,13,1,9,19,5,10,0,0,0,2,100,28.6,0,0,63700,39394,44200,15000,,,,,,,,,,,,,,N,,,,,,,,,,,,,,,Cash,N,,,,,,
68516174,,10000,10000,10000, 36 months,9.17,318.79,B,B2,analyst,10+ years,MORTGAGE,59307,Not Verified,15-Dec,Fully Paid,n,https://lendingclub.com/browse/loanDetail.action?loan_id=68516174,,credit_card,Credit card refinancing,440xx,OH,32.7,1,Oct-96,690,694,1,17,,17,0,24399,59.5,30,w,0,0,11502.49722,11502.5,10000,1502.5,0,0,0,18-Dec,638.18,,18-Dec,694,690,0,,1,Individual,,,,0,0,134518,2,3,1,2,4,18315,63,1,1,4960,61,41000,3,1,3,3,8407,4473,76.3,0,0,228,230,5,4,1,5,,4,17,0,4,10,4,11,7,13,22,11,17,0,0,0,2,93.3,75,0,0,197909,42714,18900,28935,,,,,,,,,,,,,,N,,,,,,,,,,,,,,,Cash,N,,,,,,
68436774,,18850,18850,18850, 36 months,21.48,714.83,E,E5,Social Worker,< 1 year,MORTGAGE,55000,Not Verified,15-Dec,Charged Off,n,https://lendingclub.com/browse/loanDetail.action?loan_id=68436774,,debt_consolidation,Debt consolidation,894xx,NV,15.56,0,Jun-97,700,704,2,38,,11,0,6069,38.4,26,f,0,0,4304.22,4304.22,2323.07,1909.67,71.48,0,0,16-Aug,35.74,,17-Jul,504,500,0,57,1,Individual,,,,0,0,236037,5,1,2,3,2,31456,99,3,6,2127,79,15800,2,1,10,11,21458,5030,30.1,0,0,222,100,4,2,8,29,,2,,0,2,4,2,4,5,9,13,4,11,0,0,0,7,96.2,0,0,0,247115,37525,7200,31815,,,,,,,,,,,,,,N,,,,,,,,,,,,,,,Cash,N,,,,,,
67327688,,21000,21000,21000, 60 months,11.99,467.03,C,C1,research scientist,10+ years,MORTGAGE,82000,Not Verified,15-Dec,Fully Paid,n,https://lendingclub.com/browse/loanDetail.action?loan_id=67327688,,debt_consolidation,Debt consolidation,146xx,NY,15.07,0,Sep-89,730,734,0,,,18,0,27092,35,34,w,0,0,22353.07,22353.07,21000,1353.07,0,0,0,16-Jul,20052.89,,18-Aug,714,710,0,,1,Individual,,,,0,0,129615,3,1,1,2,7,18450,92,5,11,7622,47,77300,0,3,1,13,7201,25465,23.3,0,0,122,315,1,1,2,1,,12,,0,2,11,5,11,7,16,25,11,18,0,0,0,6,100,0,0,0,213675,45542,33200,20000,,,,,,,,,,,,,,N,,,,,,,,,,,,,,,Cash,N,,,,,,
68547369,,10500,10500,10500, 36 months,8.49,331.42,B,B1,Strategic Account Manager,4 years,MORTGAGE,60000,Not Verified,15-Dec,Fully Paid,n,https://lendingclub.com/browse/loanDetail.action?loan_id=68547369,,debt_consolidation,Debt consolidation,250xx,WV,15.39,1,May-98,685,689,0,19,35,13,1,10760,62.6,19,w,0,0,11737.50136,11737.5,10500,1237.5,0,0,0,17-Dec,4458.64,,19-Mar,719,715,0,,1,Individual,,,,0,0,107112,2,4,0,0,38,10578,46,1,2,3415,53,17200,0,0,1,3,8926,3707,53.1,0,0,107,139,1,1,5,1,72,5,26,0,2,4,3,5,5,6,8,5,13,0,0,0,2,84.2,0,0,1,132044,21338,7900,23221,,,,,,,,,,,,,,N,,,,,,,,,,,,,,,Cash,N,,,,,,
68466869,,4575,4575,4575, 36 months,17.27,163.73,D,D3,2nd pressman,5 years,RENT,56000,Not Verified,15-Dec,Charged Off,n,https://lendingclub.com/browse/loanDetail.action?loan_id=68466869,,house,Home buying,080xx,NJ,10.03,1,1-May,665,669,1,,,12,0,2380,27,17,w,0,0,1659.25,1659.25,1044.77,614.48,0,0,0,16-Nov,163.73,,17-Sep,529,525,0,22,1,Individual,,,,0,7233,2380,1,0,0,0,28,0,0,2,11,364,27,8900,0,1,2,11,198,400,71,0,0,28,175,5,5,1,12,,2,,0,3,12,5,5,1,12,15,8,12,,0,1,2,100,33.3,0,0,8900,2380,1200,0,,,,,,,,,,,,,,N,,,,,,,,,,,,,,,Cash,N,,,,,,
68496812,,5000,5000,5000, 36 months,11.48,164.84,B,B5,Direct Support Professional,1 year,RENT,17000,Source Verified,15-Dec,Fully Paid,n,https://lendingclub.com/browse/loanDetail.action?loan_id=68496812,,other,Other,031xx,NH,27.9,0,11-Aug,690,694,1,,,8,0,6378,44.3,11,w,0,0,5852.44151,5852.44,5000,852.44,0,0,0,18-Mar,1739.41,,18-Mar,634,630,0,,1,Individual,,,,0,0,55327,3,2,1,1,2,48949,99,2,3,64,68,14400,0,4,2,4,6916,2736,2.3,0,0,52,45,2,2,0,30,,4,,0,1,5,1,1,4,6,7,5,8,0,0,0,3,100,0,0,0,63456,55327,2800,49056,,,,,,,,,,,,,,N,,,,,,,,,,,,,,,Cash,N,,,,,,
68436907,,8000,8000,8000, 36 months,6.99,246.99,A,A3,,,MORTGAGE,45000,Not Verified,15-Dec,Fully Paid,n,https://lendingclub.com/browse/loanDetail.action?loan_id=68436907,,home_improvement,Home improvement,028xx,RI,15.15,0,2-Sep,790,794,0,,,12,0,5890,23.7,26,f,0,0,8890.660307,8890.66,8000,890.66,0,0,0,19-Jan,246.61,,19-Jan,674,670,0,,1,Individual,,,,0,0,317061,0,1,1,2,8,101301,79,0,0,2696,54,24900,0,0,0,2,28824,7004,27.8,0,0,112,159,26,8,1,37,,,,0,1,3,3,12,8,8,17,3,12,0,0,0,1,100,0,0,0,357341,107191,9700,107711,,,,,,,,,,,,,,N,,,,,,,,,,,,,,,Cash,N,,,,,,
68496925,,5000,5000,5000, 36 months,11.99,166.05,C,C1,Dental Assistant,1 year,RENT,30000,Source Verified,15-Dec,Charged Off,n,https://lendingclub.com/browse/loanDetail.action?loan_id=68496925,,debt_consolidation,Debt consolidation,208xx,MD,9.16,0,5-Apr,675,679,0,29,53,12,2,5426,28.3,15,w,0,0,5320.27,5320.27,4193.7,945.52,0,181.05,32.589,18-Aug,166.05,,19-Mar,564,560,0,67,1,Individual,,,,0,0,5426,0,0,0,0,,0,,2,8,1946,28,19200,0,0,2,8,493,464,84.5,0,0,,128,9,9,0,9,,9,29,1,3,7,4,5,0,12,15,7,12,0,0,0,2,86.7,33.3,0,0,19200,5426,3000,0,,,,,,,,,,,,,,N,,,,,,,,,,,,,,,Cash,N,,,,,,
68476567,,9075,9075,9075, 36 months,5.32,273.3,A,A1,Advanced Analyst,10+ years,MORTGAGE,40000,Not Verified,15-Dec,Fully Paid,n,https://lendingclub.com/browse/loanDetail.action?loan_id=68476567,,credit_card,Credit card refinancing,594xx,MT,8.39,0,Sep-84,815,819,0,,,15,0,12854,16.3,26,w,0,0,9723.378687,9723.38,9075,648.38,0,0,0,17-Nov,3990.79,,19-Mar,799,795,0,,1,Individual,,,,0,0,100468,0,0,0,0,89,0,,0,0,5323,16,78700,0,0,0,0,8372,39646,24.5,0,0,146,375,34,34,3,34,,,,0,4,4,5,11,4,13,19,4,15,0,0,0,0,100,0,0,0,186900,12854,52500,0,,,,,,,,,,,,,,N,,,,,,,,,,,,,,,Cash,N,,,,,,
68547291,,24000,24000,24000, 60 months,12.88,544.61,C,C2,Speech Language Pathologist,2 years,MORTGAGE,75181.21,Not Verified,15-Dec,Current,n,https://lendingclub.com/browse/loanDetail.action?loan_id=68547291,,debt_consolidation,Debt consolidation,242xx,VA,31.57,0,Feb-00,720,724,1,,,13,0,17497,44.4,37,w,10620.82,10620.82,20772.46,20772.46,13379.18,7393.28,0,0,0,19-Mar,544.61,19-Apr,19-Mar,639,635,0,,1,Individual,,,,0,0,276355,1,5,0,4,22,63173,59,1,1,11067,55,39400,0,4,1,5,23030,12303,58.7,0,0,157,190,1,1,4,1,,1,,0,4,4,5,10,15,7,18,4,13,0,0,0,1,100,60,0,0,354971,80670,29800,107671,,,,,,,,,,,,,,N,,,,,,,,,,,,,,,Cash,N,,,,,,
68616851,,12500,12500,12500, 36 months,7.49,388.78,A,A4,manager,10+ years,RENT,52000,Not Verified,15-Dec,Fully Paid,n,https://lendingclub.com/browse/loanDetail.action?loan_id=68616851,,credit_card,Credit card refinancing,945xx,CA,6.83,0,4-Apr,705,709,0,,,5,0,10009,80.7,7,w,0,0,13622.93887,13622.94,12500,1122.94,0,0,0,17-Jul,7026.68,,19-Mar,719,715,0,,1,Individual,,,,0,0,10009,0,0,0,0,,0,,0,0,6158,81,12400,0,0,0,0,2002,754,91,0,0,,140,26,26,0,133,,,,0,2,3,2,2,0,5,7,4,5,0,0,0,0,100,100,0,0,12400,10009,8400,0,,,,,,,,,,,,,,N,,,,,,,,,,,,,,,Cash,N,,,,,,
68375498,,19600,19600,19600, 60 months,15.77,474.25,D,D1,Sales representative,8 years,MORTGAGE,80000,Source Verified,15-Dec,Charged Off,n,https://lendingclub.com/browse/loanDetail.action?loan_id=68375498,,debt_consolidation,Debt consolidation,038xx,NH,18.99,0,3-Oct,710,714,1,,,15,0,11038,81.1,26,w,0,0,15201.89,15201.89,7248.65,6073.27,142.26,1737.71,312.7878,18-Jun,497.96,,18-Nov,614,610,0,,1,Individual,,,,0,0,341767,1,4,2,4,5,30775,70,0,2,2256,73,13200,2,1,1,8,24412,826,90.4,0,0,121,146,13,5,2,18,,1,,0,6,8,6,10,8,9,16,8,15,0,0,0,2,100,100,0,0,364600,41813,10100,43708,,,,,,,,,,,,,,N,,,,,,,,,,,,,,,Cash,N,,,,,,
68466830,,35000,35000,35000, 36 months,13.99,1196.05,C,C4,Truck driver ,2 years,MORTGAGE,90000,Source Verified,15-Dec,Fully Paid,n,https://lendingclub.com/browse/loanDetail.action?loan_id=68466830,,debt_consolidation,Debt consolidation,347xx,FL,10.97,0,12-May,740,744,0,,,5,0,2193,12.3,7,w,0,0,43771.29352,43771.29,35000,8771.29,0,0,0,18-Dec,7315.86,,18-Dec,759,755,0,,1,Individual,,,,0,0,201577,0,1,0,1,14,8496,84,1,2,0,38,17900,0,1,1,3,40315,8000,0,0,0,43,33,9,9,1,18,,3,,0,0,1,1,2,2,3,4,1,5,0,0,0,1,100,0,0,0,225820,10689,8000,10070,,,,,,,,,,,,,,N,INTEREST ONLY-3 MONTHS DEFERRAL,NATURAL_DISASTER,COMPLETED,3,213.98,17-Sep,17-Dec,17-Sep,3,18,Late (16-30 days),641.94,18761.48,275.35,Cash,N,,,,,,
68593616,,28000,28000,28000, 60 months,8.49,574.33,B,B1,Client Service Manager,1 year,MORTGAGE,75000,Not Verified,15-Dec,Fully Paid,n,https://lendingclub.com/browse/loanDetail.action?loan_id=68593616,,debt_consolidation,Debt consolidation,301xx,GA,24.83,0,4-Jan,685,689,0,29,,16,0,18002,72,23,w,0,0,32339.77247,32339.77,28000,4339.77,0,0,0,18-Apr,17440.21,,18-Jul,694,690,0,,1,Individual,,,,0,428,365724,0,4,1,1,10,63294,74,1,1,7762,74,25000,6,1,6,3,22858,1024,91.8,0,0,143,101,8,8,3,27,,0,29,0,4,10,4,5,8,10,12,10,16,0,0,0,2,95.7,75,0,0,406511,81296,12500,85509,,,,,,,,,,,,,,N,,,,,,,,,,,,,,,Cash,N,,,,,,
68547492,,14000,14000,14000, 60 months,15.77,338.75,D,D1,Business Systems Analyst,1 year,RENT,45500,Not Verified,15-Dec,Charged Off,n,https://lendingclub.com/browse/loanDetail.action?loan_id=68547492,,debt_consolidation,Debt consolidation,770xx,TX,19.24,0,Jun-81,690,694,0,39,,10,0,6297,25.9,12,w,0,0,8888.09,8888.09,4545.51,3892.58,0,450,81,18-Feb,338.75,,19-Mar,569,565,0,,1,Individual,,,,0,200,37485,2,3,1,1,5,28603,97,1,3,3619,65,24300,3,0,5,5,4165,14431,28.9,0,0,33,414,6,5,0,15,39,5,39,0,3,4,4,5,3,6,8,4,10,0,0,0,3,91.7,0,0,0,57447,37485,20300,29581,,,,,,,,,,,,,,N,,,,,,,,,,,,,,,Cash,Y,18-Jun,ACTIVE,18-Jun,4486,45,18
68547446,,16000,16000,16000, 36 months,9.8,514.78,B,B3,,,MORTGAGE,99906,Not Verified,15-Dec,Fully Paid,n,https://lendingclub.com/browse/loanDetail.action?loan_id=68547446,,credit_card,Credit card refinancing,117xx,NY,6.97,0,Jul-93,660,664,1,24,54,10,1,12632,69.8,26,f,0,0,18510.04665,18510.05,16000,2510.05,0,0,0,19-Jan,514.53,,19-Feb,554,550,0,79,1,Individual,,,,0,0,426371,2,1,1,1,8,4237,85,3,5,1750,73,18100,2,0,3,6,42637,82,96.4,0,0,8,269,0,0,4,3,78,0,78,3,2,5,2,9,1,8,21,5,10,0,0,0,4,80.8,100,0,0,493100,16869,2300,5000,,,,,,,,,,,,,,N,,,,,,,,,,,,,,,Cash,N,,,,,,
68537494,,14000,14000,14000, 36 months,5.32,421.61,A,A1,Senior Brand Manager,4 years,RENT,120000,Not Verified,15-Dec,Fully Paid,n,https://lendingclub.com/browse/loanDetail.action?loan_id=68537494,,debt_consolidation,Debt consolidation,941xx,CA,6.73,0,Nov-99,775,779,0,,,13,0,15686,16.9,20,w,0,0,14937.23902,14937.24,14000,937.24,0,0,0,18-Jul,320.89,,18-Sep,724,720,0,,1,Individual,,,,0,0,16909,0,1,0,0,27,1223,23,2,4,8082,18,58000,0,1,0,4,1409,26324,15.1,0,0,184,193,7,7,0,13,,13,,0,4,8,4,7,2,12,18,10,13,0,0,0,2,100,0,0,0,63281,16909,38200,5281,,,,,,,,,,,,,,N,,,,,,,,,,,,,,,Cash,N,,,,,,
68366933,,24000,24000,24000, 36 months,8.49,757.51,B,B1,nutritionist,8 years,MORTGAGE,72000,Not Verified,15-Dec,Fully Paid,n,https://lendingclub.com/browse/loanDetail.action?loan_id=68366933,,debt_consolidation,Debt consolidation,770xx,TX,22.8,0,Aug-97,715,719,0,52,,16,0,20014,34.3,52,w,0,0,27064.65123,27064.65,24000,3064.65,0,0,0,18-May,6640.18,,19-Mar,789,785,0,,1,Individual,,,,0,0,74809,3,4,1,2,5,54795,57,4,6,9229,38,58400,2,0,4,8,4987,15186,56.9,0,0,220,134,3,3,0,3,,1,,0,3,3,5,7,31,12,21,4,16,0,0,0,5,98,40,0,0,120823,74809,35200,62423,,,,,,,,,,,,,,N,,,,,,,,,,,,,,,Cash,N,,,,,,
66574010,,35000,35000,35000, 36 months,13.99,1196.05,C,C4,RRT,6 years,OWN,75000,Source Verified,15-Dec,Fully Paid,n,https://lendingclub.com/browse/loanDetail.action?loan_id=66574010,,debt_consolidation,Debt consolidation,346xx,FL,18.19,0,2-Sep,685,689,0,,,17,0,22755,69.6,32,w,0,0,36128.45,36128.45,35000,1128.45,0,0,0,16-Apr,33804.36,,17-Sep,689,685,0,,1,Individual,,,,0,0,52074,0,7,0,1,18,29319,80,0,2,10007,75,32700,0,0,0,3,3255,1200,94.9,0,0,70,159,18,18,1,28,,18,,0,5,6,5,9,16,10,15,7,17,0,0,0,0,100,100,0,0,69518,52074,23500,36818,,,,,,,,,,,,,,N,,,,,,,,,,,,,,,Cash,N,,,,,,
68565380,,14550,14550,14550, 60 months,15.77,352.06,D,D1,Administrative Assistant,10+ years,MORTGAGE,70000,Verified,15-Dec,Current,n,https://lendingclub.com/browse/loanDetail.action?loan_id=68565380,,debt_consolidation,Debt consolidation,338xx,FL,34.44,0,Sep-77,720,724,0,,,13,0,138287,83,27,w,6687.85,6687.85,13346.41,13346.41,7862.15,5484.26,0,0,0,19-Feb,352.06,19-Apr,19-Mar,714,710,0,,1,Individual,,,,0,0,369766,1,0,0,0,61,0,0,1,1,24007,83,167010,0,0,2,2,30813,11762,98,0,0,172,459,5,5,5,51,,9,,0,5,10,10,10,6,10,18,9,12,,0,0,2,100,100,0,0,445111,63425,58810,0,,,,,,,,,,,,,,N,,,,,,,,,,,,,,,Cash,N,,,,,,
68446530,,8000,8000,8000, 36 months,11.48,263.74,B,B5,Valued Associate,< 1 year,RENT,21610,Verified,15-Dec,Fully Paid,n,https://lendingclub.com/browse/loanDetail.action?loan_id=68446530,,credit_card,Credit card refinancing,370xx,TN,31.06,0,9-Dec,705,709,0,,,9,0,8898,48.4,10,w,0,0,9155.962588,9155.96,8000,1155.96,0,0,0,17-Aug,4421.4,,19-Feb,674,670,0,,1,Individual,,,,0,0,22866,0,2,1,1,9,13968,82,1,2,1831,64,18400,0,0,3,3,2858,5553,46.1,0,0,66,72,10,9,0,10,,9,,0,3,6,3,4,2,7,8,6,9,0,0,0,2,100,0,0,0,35502,22866,10300,17102,,,,,,,,,,,,,,N,,,,,,,,,,,,,,,Cash,N,,,,,,
68375365,,32400,32400,32400, 60 months,9.8,685.23,B,B3,Project Manager,10+ years,MORTGAGE,106284,Source Verified,15-Dec,Current,n,https://lendingclub.com/browse/loanDetail.action?loan_id=68375365,,credit_card,Credit card refinancing,782xx,TX,24.11,0,Oct-89,730,734,2,,,33,0,90930,52.8,38,w,13746.6,13746.6,26038.74,26038.74,18653.4,7385.34,0,0,0,19-Mar,685.23,19-Apr,19-Mar,739,735,0,,1,Individual,,,,0,0,335236,2,2,1,2,5,22505,103,2,3,7225,59,172100,1,0,2,5,10159,59340,43.2,0,0,109,314,1,1,2,104,,1,,0,15,23,19,23,3,28,32,23,33,0,0,0,3,100,5.3,0,0,468631,116208,104500,21758,,,,,,,,,,,,,,N,,,,,,,,,,,,,,,Cash,N,,,,,,
68366859,,3600,3600,3600, 36 months,13.44,122.07,C,C3,Graduate Student ,1 year,RENT,25000,Source Verified,15-Dec,Fully Paid,n,https://lendingclub.com/browse/loanDetail.action?loan_id=68366859,,debt_consolidation,Debt consolidation,191xx,PA,26.45,0,7-Jun,710,714,0,,,23,0,4419,30.7,39,w,0,0,4280.189547,4280.19,3600,680.19,0,0,0,17-Dec,1601.37,,18-Jul,679,675,0,,1,Individual,,,,0,0,78735,2,14,2,4,4,74316,97,1,3,1547,86,14400,1,4,0,7,3579,2651,49,0,0,94,102,6,4,0,6,,19,,0,2,3,3,5,27,9,12,3,23,0,0,0,3,100,33.3,0,0,91319,78735,5200,76919,,,,,,,,,,,,,,N,,,,,,,,,,,,,,,Cash,N,,,,,,
68563427,,10500,10500,10500, 36 months,13.99,358.82,C,C4,SW,10+ years,MORTGAGE,110000,Not Verified,15-Dec,Fully Paid,n,https://lendingclub.com/browse/loanDetail.action?loan_id=68563427,,debt_consolidation,Debt consolidation,922xx,CA,30.73,1,Jul-98,660,664,1,16,,19,0,28822,81.2,38,w,0,0,11399.8,11399.8,10500,899.8,0,0,0,16-Sep,8908.46,,19-Mar,719,715,1,16,1,Individual,,,,0,0,166878,3,4,3,5,3,46381,38,1,3,8086,60,35500,0,2,1,8,8783,3764,85,0,0,150,209,0,0,4,22,,1,,1,8,11,8,15,8,14,25,12,19,0,0,1,4,97.4,75,0,0,232011,75203,25100,77111,,,,,,,,,,,,,,N,,,,,,,,,,,,,,,Cash,N,,,,,,
68607018,,3000,3000,3000, 36 months,11.48,98.9,B,B5,technician,10+ years,MORTGAGE,105000,Verified,15-Dec,Fully Paid,n,https://lendingclub.com/browse/loanDetail.action?loan_id=68607018,,home_improvement,Home improvement,906xx,CA,12.09,0,Jul-94,685,689,1,26,,11,0,5560,57.9,22,w,0,0,3555.124843,3555.12,3000,555.12,0,0,0,18-Dec,197.3,,18-Dec,654,650,0,26,1,Individual,,,,0,0,297766,2,3,1,5,1,30552,90,1,4,1955,83,9600,3,6,3,9,27070,3268,61.1,0,0,126,257,1,1,2,1,,1,,2,6,7,6,6,11,7,9,7,11,0,0,0,2,90.9,16.7,0,0,387088,36112,8400,33828,,,,,,,,,,,,,,N,,,,,,,,,,,,,,,Cash,N,,,,,,
68485643,,16000,16000,16000, 36 months,14.85,553.48,C,C5,Nurse,2 years,RENT,43000,Source Verified,15-Dec,Fully Paid,n,https://lendingclub.com/browse/loanDetail.action?loan_id=68485643,,credit_card,Credit card refinancing,104xx,NY,17.11,0,10-Sep,675,679,0,,,13,0,10130,51.2,16,f,0,0,19924.29927,19924.3,16000,3924.3,0,0,0,19-Jan,567.76,,19-Feb,614,610,0,,1,Individual,,,,0,0,20258,2,2,1,1,5,10128,85,5,9,2116,64,19800,0,0,3,10,1558,3024,64.8,0,0,49,63,2,2,0,2,,7,,0,3,8,4,5,2,11,14,8,13,0,0,0,6,100,50,0,0,31669,20258,8600,11869,,,,,,,,,,,,,,N,,,,,,,,,,,,,,,Cash,N,,,,,,
68526838,,8000,8000,8000, 36 months,7.49,248.82,A,A4,Teacher,10+ years,MORTGAGE,57000,Not Verified,15-Dec,Fully Paid,n,https://lendingclub.com/browse/loanDetail.action?loan_id=68526838,,debt_consolidation,Debt consolidation,158xx,PA,25.01,0,Mar-00,740,744,0,,,19,0,15916,41.1,31,w,0,0,8973.886929,8973.89,8000,973.89,0,0,0,19-Jan,248.55,,19-Jan,769,765,0,,1,Individual,,,,0,0,108395,0,5,0,2,15,40390,62,0,3,3948,54,38700,1,9,0,5,6376,13178,33.1,0,0,125,189,19,15,2,54,,23,,0,2,7,4,6,10,13,19,8,19,0,0,0,0,100,0,0,0,164865,56306,19700,65365,,,,,,,,,,,,,,N,,,,,,,,,,,,,,,Cash,N,,,,,,
68577637,,19500,19500,19500, 36 months,7.49,606.49,A,A4,Producer,< 1 year,RENT,85000,Not Verified,15-Dec,Fully Paid,n,https://lendingclub.com/browse/loanDetail.action?loan_id=68577637,,debt_consolidation,Debt consolidation,900xx,CA,13.74,0,1-Aug,730,734,0,,,8,0,18662,70.7,20,w,0,0,21816.2612,21816.26,19500,2316.26,0,0,0,19-Jan,609.4,,19-Jan,664,660,0,,1,Individual,,,,0,0,42613,0,3,0,0,42,23951,54,0,0,5596,61,26400,0,1,0,0,5327,6698,73.4,0,0,172,138,49,42,0,49,,,,0,4,4,4,5,12,5,8,5,8,0,0,0,0,100,50,0,0,70472,42613,25200,44072,,,,,,,,,,,,,,N,,,,,,,,,,,,,,,Cash,N,,,,,,
,,,,,,,,,,,,,,,,,,,,,,,,,,,,,,,,,,,,,,,,,,,,,,,,,,,,,,,,,,,,,,,,,,,,,,,,,,,,,,,,,,,,,,,,,,,,,,,,,,,,,,,,,,,,,,,,,,,,,,,,,,,,,,,,,,,,,,,,,,,,,,,,,,,,,,
,,,,,,,,,,,,,,,,,,,,,,,,,,,,,,,,,,,,,,,,,,,,,,,,,,,,,,,,,,,,,,,,,,,,,,,,,,,,,,,,,,,,,,,,,,,,,,,,,,,,,,,,,,,,,,,,,,,,,,,,,,,,,,,,,,,,,,,,,,,,,,,,,,,,,,
,,,,,,,,,,,,,,,,,,,,,,,,,,,,,,,,,,,,,,,,,,,,,,,,,,,,,,,,,,,,,,,,,,,,,,,,,,,,,,,,,,,,,,,,,,,,,,,,,,,,,,,,,,,,,,,,,,,,,,,,,,,,,,,,,,,,,,,,,,,,,,,,,,,,,,
,,,,,,,,,,,,,,,,,,,,,,,,,,,,,,,,,,,,,,,,,,,,,,,,,,,,,,,,,,,,,,,,,,,,,,,,,,,,,,,,,,,,,,,,,,,,,,,,,,,,,,,,,,,,,,,,,,,,,,,,,,,,,,,,,,,,,,,,,,,,,,,,,,,,,,
,,,,,,,,,,,,,,,,,,,,,,,,,,,,,,,,,,,,,,,,,,,,,,,,,,,,,,,,,,,,,,,,,,,,,,,,,,,,,,,,,,,,,,,,,,,,,,,,,,,,,,,,,,,,,,,,,,,,,,,,,,,,,,,,,,,,,,,,,,,,,,,,,,,,,,
,,,,,,,,,,,,,,,,,,,,,,,,,,,,,,,,,,,,,,,,,,,,,,,,,,,,,,,,,,,,,,,,,,,,,,,,,,,,,,,,,,,,,,,,,,,,,,,,,,,,,,,,,,,,,,,,,,,,,,,,,,,,,,,,,,,,,,,,,,,,,,,,,,,,,,
,,,,,,,,,,,,,,,,,,,,,,,,,,,,,,,,,,,,,,,,,,,,,,,,,,,,,,,,,,,,,,,,,,,,,,,,,,,,,,,,,,,,,,,,,,,,,,,,,,,,,,,,,,,,,,,,,,,,,,,,,,,,,,,,,,,,,,,,,,,,,,,,,,,,,,
,,,,,,,,,,,,,,,,,,,,,,,,,,,,,,,,,,,,,,,,,,,,,,,,,,,,,,,,,,,,,,,,,,,,,,,,,,,,,,,,,,,,,,,,,,,,,,,,,,,,,,,,,,,,,,,,,,,,,,,,,,,,,,,,,,,,,,,,,,,,,,,,,,,,,,
,,,,,,,,,,,,,,,,,,,,,,,,,,,,,,,,,,,,,,,,,,,,,,,,,,,,,,,,,,,,,,,,,,,,,,,,,,,,,,,,,,,,,,,,,,,,,,,,,,,,,,,,,,,,,,,,,,,,,,,,,,,,,,,,,,,,,,,,,,,,,,,,,,,,,,
,,,,,,,,,,,,,,,,,,,,,,,,,,,,,,,,,,,,,,,,,,,,,,,,,,,,,,,,,,,,,,,,,,,,,,,,,,,,,,,,,,,,,,,,,,,,,,,,,,,,,,,,,,,,,,,,,,,,,,,,,,,,,,,,,,,,,,,,,,,,,,,,,,,,,,
,,,,,,,,,,,,,,,,,,,,,,,,,,,,,,,,,,,,,,,,,,,,,,,,,,,,,,,,,,,,,,,,,,,,,,,,,,,,,,,,,,,,,,,,,,,,,,,,,,,,,,,,,,,,,,,,,,,,,,,,,,,,,,,,,,,,,,,,,,,,,,,,,,,,,,
,,,,,,,,,,,,,,,,,,,,,,,,,,,,,,,,,,,,,,,,,,,,,,,,,,,,,,,,,,,,,,,,,,,,,,,,,,,,,,,,,,,,,,,,,,,,,,,,,,,,,,,,,,,,,,,,,,,,,,,,,,,,,,,,,,,,,,,,,,,,,,,,,,,,,,
,,,,,,,,,,,,,,,,,,,,,,,,,,,,,,,,,,,,,,,,,,,,,,,,,,,,,,,,,,,,,,,,,,,,,,,,,,,,,,,,,,,,,,,,,,,,,,,,,,,,,,,,,,,,,,,,,,,,,,,,,,,,,,,,,,,,,,,,,,,,,,,,,,,,,,
,,,,,,,,,,,,,,,,,,,,,,,,,,,,,,,,,,,,,,,,,,,,,,,,,,,,,,,,,,,,,,,,,,,,,,,,,,,,,,,,,,,,,,,,,,,,,,,,,,,,,,,,,,,,,,,,,,,,,,,,,,,,,,,,,,,,,,,,,,,,,,,,,,,,,,
,,,,,,,,,,,,,,,,,,,,,,,,,,,,,,,,,,,,,,,,,,,,,,,,,,,,,,,,,,,,,,,,,,,,,,,,,,,,,,,,,,,,,,,,,,,,,,,,,,,,,,,,,,,,,,,,,,,,,,,,,,,,,,,,,,,,,,,,,,,,,,,,,,,,,,
,,,,,,,,,,,,,,,,,,,,,,,,,,,,,,,,,,,,,,,,,,,,,,,,,,,,,,,,,,,,,,,,,,,,,,,,,,,,,,,,,,,,,,,,,,,,,,,,,,,,,,,,,,,,,,,,,,,,,,,,,,,,,,,,,,,,,,,,,,,,,,,,,,,,,,
,,,,,,,,,,,,,,,,,,,,,,,,,,,,,,,,,,,,,,,,,,,,,,,,,,,,,,,,,,,,,,,,,,,,,,,,,,,,,,,,,,,,,,,,,,,,,,,,,,,,,,,,,,,,,,,,,,,,,,,,,,,,,,,,,,,,,,,,,,,,,,,,,,,,,,
,,,,,,,,,,,,,,,,,,,,,,,,,,,,,,,,,,,,,,,,,,,,,,,,,,,,,,,,,,,,,,,,,,,,,,,,,,,,,,,,,,,,,,,,,,,,,,,,,,,,,,,,,,,,,,,,,,,,,,,,,,,,,,,,,,,,,,,,,,,,,,,,,,,,,,
,,,,,,,,,,,,,,,,,,,,,,,,,,,,,,,,,,,,,,,,,,,,,,,,,,,,,,,,,,,,,,,,,,,,,,,,,,,,,,,,,,,,,,,,,,,,,,,,,,,,,,,,,,,,,,,,,,,,,,,,,,,,,,,,,,,,,,,,,,,,,,,,,,,,,,
,,,,,,,,,,,,,,,,,,,,,,,,,,,,,,,,,,,,,,,,,,,,,,,,,,,,,,,,,,,,,,,,,,,,,,,,,,,,,,,,,,,,,,,,,,,,,,,,,,,,,,,,,,,,,,,,,,,,,,,,,,,,,,,,,,,,,,,,,,,,,,,,,,,,,,
,,,,,,,,,,,,,,,,,,,,,,,,,,,,,,,,,,,,,,,,,,,,,,,,,,,,,,,,,,,,,,,,,,,,,,,,,,,,,,,,,,,,,,,,,,,,,,,,,,,,,,,,,,,,,,,,,,,,,,,,,,,,,,,,,,,,,,,,,,,,,,,,,,,,,,
,,,,,,,,,,,,,,,,,,,,,,,,,,,,,,,,,,,,,,,,,,,,,,,,,,,,,,,,,,,,,,,,,,,,,,,,,,,,,,,,,,,,,,,,,,,,,,,,,,,,,,,,,,,,,,,,,,,,,,,,,,,,,,,,,,,,,,,,,,,,,,,,,,,,,,
,,,,,,,,,,,,,,,,,,,,,,,,,,,,,,,,,,,,,,,,,,,,,,,,,,,,,,,,,,,,,,,,,,,,,,,,,,,,,,,,,,,,,,,,,,,,,,,,,,,,,,,,,,,,,,,,,,,,,,,,,,,,,,,,,,,,,,,,,,,,,,,,,,,,,,
,,,,,,,,,,,,,,,,,,,,,,,,,,,,,,,,,,,,,,,,,,,,,,,,,,,,,,,,,,,,,,,,,,,,,,,,,,,,,,,,,,,,,,,,,,,,,,,,,,,,,,,,,,,,,,,,,,,,,,,,,,,,,,,,,,,,,,,,,,,,,,,,,,,,,,
,,,,,,,,,,,,,,,,,,,,,,,,,,,,,,,,,,,,,,,,,,,,,,,,,,,,,,,,,,,,,,,,,,,,,,,,,,,,,,,,,,,,,,,,,,,,,,,,,,,,,,,,,,,,,,,,,,,,,,,,,,,,,,,,,,,,,,,,,,,,,,,,,,,,,,
,,,,,,,,,,,,,,,,,,,,,,,,,,,,,,,,,,,,,,,,,,,,,,,,,,,,,,,,,,,,,,,,,,,,,,,,,,,,,,,,,,,,,,,,,,,,,,,,,,,,,,,,,,,,,,,,,,,,,,,,,,,,,,,,,,,,,,,,,,,,,,,,,,,,,,
,,,,,,,,,,,,,,,,,,,,,,,,,,,,,,,,,,,,,,,,,,,,,,,,,,,,,,,,,,,,,,,,,,,,,,,,,,,,,,,,,,,,,,,,,,,,,,,,,,,,,,,,,,,,,,,,,,,,,,,,,,,,,,,,,,,,,,,,,,,,,,,,,,,,,,
,,,,,,,,,,,,,,,,,,,,,,,,,,,,,,,,,,,,,,,,,,,,,,,,,,,,,,,,,,,,,,,,,,,,,,,,,,,,,,,,,,,,,,,,,,,,,,,,,,,,,,,,,,,,,,,,,,,,,,,,,,,,,,,,,,,,,,,,,,,,,,,,,,,,,,
,,,,,,,,,,,,,,,,,,,,,,,,,,,,,,,,,,,,,,,,,,,,,,,,,,,,,,,,,,,,,,,,,,,,,,,,,,,,,,,,,,,,,,,,,,,,,,,,,,,,,,,,,,,,,,,,,,,,,,,,,,,,,,,,,,,,,,,,,,,,,,,,,,,,,,
,,,,,,,,,,,,,,,,,,,,,,,,,,,,,,,,,,,,,,,,,,,,,,,,,,,,,,,,,,,,,,,,,,,,,,,,,,,,,,,,,,,,,,,,,,,,,,,,,,,,,,,,,,,,,,,,,,,,,,,,,,,,,,,,,,,,,,,,,,,,,,,,,,,,,,
,,,,,,,,,,,,,,,,,,,,,,,,,,,,,,,,,,,,,,,,,,,,,,,,,,,,,,,,,,,,,,,,,,,,,,,,,,,,,,,,,,,,,,,,,,,,,,,,,,,,,,,,,,,,,,,,,,,,,,,,,,,,,,,,,,,,,,,,,,,,,,,,,,,,,,
,,,,,,,,,,,,,,,,,,,,,,,,,,,,,,,,,,,,,,,,,,,,,,,,,,,,,,,,,,,,,,,,,,,,,,,,,,,,,,,,,,,,,,,,,,,,,,,,,,,,,,,,,,,,,,,,,,,,,,,,,,,,,,,,,,,,,,,,,,,,,,,,,,,,,,
,,,,,,,,,,,,,,,,,,,,,,,,,,,,,,,,,,,,,,,,,,,,,,,,,,,,,,,,,,,,,,,,,,,,,,,,,,,,,,,,,,,,,,,,,,,,,,,,,,,,,,,,,,,,,,,,,,,,,,,,,,,,,,,,,,,,,,,,,,,,,,,,,,,,,,
,,,,,,,,,,,,,,,,,,,,,,,,,,,,,,,,,,,,,,,,,,,,,,,,,,,,,,,,,,,,,,,,,,,,,,,,,,,,,,,,,,,,,,,,,,,,,,,,,,,,,,,,,,,,,,,,,,,,,,,,,,,,,,,,,,,,,,,,,,,,,,,,,,,,,,
,,,,,,,,,,,,,,,,,,,,,,,,,,,,,,,,,,,,,,,,,,,,,,,,,,,,,,,,,,,,,,,,,,,,,,,,,,,,,,,,,,,,,,,,,,,,,,,,,,,,,,,,,,,,,,,,,,,,,,,,,,,,,,,,,,,,,,,,,,,,,,,,,,,,,,
,,,,,,,,,,,,,,,,,,,,,,,,,,,,,,,,,,,,,,,,,,,,,,,,,,,,,,,,,,,,,,,,,,,,,,,,,,,,,,,,,,,,,,,,,,,,,,,,,,,,,,,,,,,,,,,,,,,,,,,,,,,,,,,,,,,,,,,,,,,,,,,,,,,,,,
,,,,,,,,,,,,,,,,,,,,,,,,,,,,,,,,,,,,,,,,,,,,,,,,,,,,,,,,,,,,,,,,,,,,,,,,,,,,,,,,,,,,,,,,,,,,,,,,,,,,,,,,,,,,,,,,,,,,,,,,,,,,,,,,,,,,,,,,,,,,,,,,,,,,,,
,,,,,,,,,,,,,,,,,,,,,,,,,,,,,,,,,,,,,,,,,,,,,,,,,,,,,,,,,,,,,,,,,,,,,,,,,,,,,,,,,,,,,,,,,,,,,,,,,,,,,,,,,,,,,,,,,,,,,,,,,,,,,,,,,,,,,,,,,,,,,,,,,,,,,,
,,,,,,,,,,,,,,,,,,,,,,,,,,,,,,,,,,,,,,,,,,,,,,,,,,,,,,,,,,,,,,,,,,,,,,,,,,,,,,,,,,,,,,,,,,,,,,,,,,,,,,,,,,,,,,,,,,,,,,,,,,,,,,,,,,,,,,,,,,,,,,,,,,,,,,
,,,,,,,,,,,,,,,,,,,,,,,,,,,,,,,,,,,,,,,,,,,,,,,,,,,,,,,,,,,,,,,,,,,,,,,,,,,,,,,,,,,,,,,,,,,,,,,,,,,,,,,,,,,,,,,,,,,,,,,,,,,,,,,,,,,,,,,,,,,,,,,,,,,,,,
,,,,,,,,,,,,,,,,,,,,,,,,,,,,,,,,,,,,,,,,,,,,,,,,,,,,,,,,,,,,,,,,,,,,,,,,,,,,,,,,,,,,,,,,,,,,,,,,,,,,,,,,,,,,,,,,,,,,,,,,,,,,,,,,,,,,,,,,,,,,,,,,,,,,,,
,,,,,,,,,,,,,,,,,,,,,,,,,,,,,,,,,,,,,,,,,,,,,,,,,,,,,,,,,,,,,,,,,,,,,,,,,,,,,,,,,,,,,,,,,,,,,,,,,,,,,,,,,,,,,,,,,,,,,,,,,,,,,,,,,,,,,,,,,,,,,,,,,,,,,,
,,,,,,,,,,,,,,,,,,,,,,,,,,,,,,,,,,,,,,,,,,,,,,,,,,,,,,,,,,,,,,,,,,,,,,,,,,,,,,,,,,,,,,,,,,,,,,,,,,,,,,,,,,,,,,,,,,,,,,,,,,,,,,,,,,,,,,,,,,,,,,,,,,,,,,
,,,,,,,,,,,,,,,,,,,,,,,,,,,,,,,,,,,,,,,,,,,,,,,,,,,,,,,,,,,,,,,,,,,,,,,,,,,,,,,,,,,,,,,,,,,,,,,,,,,,,,,,,,,,,,,,,,,,,,,,,,,,,,,,,,,,,,,,,,,,,,,,,,,,,,
,,,,,,,,,,,,,,,,,,,,,,,,,,,,,,,,,,,,,,,,,,,,,,,,,,,,,,,,,,,,,,,,,,,,,,,,,,,,,,,,,,,,,,,,,,,,,,,,,,,,,,,,,,,,,,,,,,,,,,,,,,,,,,,,,,,,,,,,,,,,,,,,,,,,,,
,,,,,,,,,,,,,,,,,,,,,,,,,,,,,,,,,,,,,,,,,,,,,,,,,,,,,,,,,,,,,,,,,,,,,,,,,,,,,,,,,,,,,,,,,,,,,,,,,,,,,,,,,,,,,,,,,,,,,,,,,,,,,,,,,,,,,,,,,,,,,,,,,,,,,,
,,,,,,,,,,,,,,,,,,,,,,,,,,,,,,,,,,,,,,,,,,,,,,,,,,,,,,,,,,,,,,,,,,,,,,,,,,,,,,,,,,,,,,,,,,,,,,,,,,,,,,,,,,,,,,,,,,,,,,,,,,,,,,,,,,,,,,,,,,,,,,,,,,,,,,
,,,,,,,,,,,,,,,,,,,,,,,,,,,,,,,,,,,,,,,,,,,,,,,,,,,,,,,,,,,,,,,,,,,,,,,,,,,,,,,,,,,,,,,,,,,,,,,,,,,,,,,,,,,,,,,,,,,,,,,,,,,,,,,,,,,,,,,,,,,,,,,,,,,,,,
,,,,,,,,,,,,,,,,,,,,,,,,,,,,,,,,,,,,,,,,,,,,,,,,,,,,,,,,,,,,,,,,,,,,,,,,,,,,,,,,,,,,,,,,,,,,,,,,,,,,,,,,,,,,,,,,,,,,,,,,,,,,,,,,,,,,,,,,,,,,,,,,,,,,,,
,,,,,,,,,,,,,,,,,,,,,,,,,,,,,,,,,,,,,,,,,,,,,,,,,,,,,,,,,,,,,,,,,,,,,,,,,,,,,,,,,,,,,,,,,,,,,,,,,,,,,,,,,,,,,,,,,,,,,,,,,,,,,,,,,,,,,,,,,,,,,,,,,,,,,,
,,,,,,,,,,,,,,,,,,,,,,,,,,,,,,,,,,,,,,,,,,,,,,,,,,,,,,,,,,,,,,,,,,,,,,,,,,,,,,,,,,,,,,,,,,,,,,,,,,,,,,,,,,,,,,,,,,,,,,,,,,,,,,,,,,,,,,,,,,,,,,,,,,,,,,
